a,b,c,d,e,f,g,h,j,k,l,m,n,o,p,q,r,s,t,u,v,w,x,y,z,a1,b1,c1,d1,e1,f1,g1,h1,i1,k1,l1,m1,n1,o1,p1,q1,r1,s1,t1,u1,v1,w1,x1,y1
44,5,1,1,1,1,1,1,1,1,1,1,1,1,1,1,1,1,1,1,1,1,1,1,1,1,1,1,1,1,1,1,1,1,1,1,1,1,1,1,1,1,1,1,1,1,1,1,1
0,1,0,0,0,1,0,1,0,0,1,0,1,1,0,0,1,0,0,1,0,0,0,1,0,1,1,0,0,0,1,0,0,0,0,0,1,1,1,0,0,0,0,0,0,0,1,1,1
0,1,1,0,1,1,0,1,0,0,1,0,0,1,0,0,1,0,0,1,1,0,1,1,1,1,0,0,1,0,1,0,1,0,1,0,1,0,0,0,0,0,0,0,0,0,0,1,0
0,1,0,1,1,1,1,1,1,0,1,0,1,0,0,0,0,0,1,0,1,1,1,1,1,0,1,1,1,1,0,0,0,0,0,1,0,1,1,0,0,0,0,0,0,0,1,0,1
0,1,1,1,0,1,1,0,1,0,1,0,0,0,1,1,0,0,1,0,0,0,1,1,0,0,0,1,0,0,0,0,0,0,0,0,1,0,0,0,0,0,0,0,0,0,0,1,0
0,1,0,1,0,0,0,0,1,0,0,0,0,1,1,1,1,0,0,0,1,1,0,1,0,0,1,1,0,1,1,1,0,0,0,0,0,1,0,0,0,0,0,0,0,0,0,0,1
0,1,0,1,0,1,0,0,0,0,1,0,0,0,1,1,1,1,1,1,0,1,1,0,1,0,1,1,1,0,1,0,0,1,1,0,1,0,0,0,0,0,0,0,0,0,0,1,0
0,1,1,1,0,1,0,1,0,1,1,0,1,0,0,1,1,0,1,0,0,0,0,0,0,0,1,1,0,1,1,1,0,1,1,0,0,0,1,0,0,0,0,0,0,0,0,0,0
0,1,1,1,1,1,0,1,1,1,0,1,1,1,1,0,0,1,0,0,1,1,1,0,1,1,1,0,0,1,1,1,0,1,1,0,1,0,0,0,0,0,0,0,0,0,0,1,0
0,1,0,0,1,0,1,1,1,1,0,0,1,1,1,0,1,0,1,1,1,1,0,1,1,1,0,1,0,0,0,1,1,1,1,1,0,1,1,0,0,0,0,0,0,0,1,0,1
0,1,0,0,1,0,0,1,0,0,0,0,1,1,1,1,0,0,1,0,1,0,1,0,0,0,0,1,1,1,1,0,1,1,0,1,0,0,1,0,0,0,0,0,0,0,1,0,0
0,1,0,1,1,0,1,0,1,1,1,0,1,0,1,1,1,0,1,1,0,1,1,1,0,1,0,1,1,0,1,0,1,1,0,1,1,1,1,0,0,0,0,0,0,0,1,1,1
0,1,0,0,0,0,1,0,1,1,0,1,0,1,1,1,0,0,0,0,1,1,0,0,1,1,0,0,1,0,1,0,1,0,0,0,0,0,1,0,0,0,0,0,0,0,0,0,0
0,1,0,0,1,0,0,0,1,0,0,0,1,1,1,1,0,0,1,0,1,1,0,0,0,1,0,0,0,0,0,1,0,1,0,0,1,1,0,0,0,0,0,0,0,0,0,1,1
0,1,0,0,1,0,0,1,0,0,0,0,0,0,1,0,1,0,1,1,1,0,1,1,0,0,1,1,1,0,1,1,0,1,1,1,1,1,0,0,0,0,0,0,0,0,0,1,1
0,1,1,1,1,1,1,1,1,1,1,0,1,1,0,0,1,0,1,0,0,0,1,0,1,1,0,0,0,1,1,1,1,0,0,1,1,1,0,0,0,0,0,0,0,0,0,1,1
0,1,1,0,0,1,0,0,1,1,1,0,0,0,0,1,0,0,1,1,0,1,1,0,0,0,1,1,0,1,1,1,0,0,0,1,1,0,1,0,0,0,0,0,0,0,1,1,0
1,0,0,0,0,0,0,1,0,0,1,0,1,1,1,1,0,0,0,0,1,1,1,1,0,1,0,0,1,0,1,0,1,0,1,1,0,1,0,0,0,0,0,0,0,0,0,0,1
0,1,1,1,1,1,0,0,1,0,0,0,1,1,1,0,1,1,0,1,0,1,1,0,0,0,1,0,0,1,0,1,1,1,0,0,0,1,1,0,0,0,0,0,0,0,1,0,1
0,1,0,0,0,1,0,0,0,0,1,0,0,1,1,0,0,1,1,0,1,0,0,0,1,1,1,0,1,1,1,1,1,1,1,0,1,1,0,0,0,0,0,0,0,0,0,1,1
0,0,1,1,1,1,1,1,1,0,0,1,0,0,1,0,0,1,1,1,0,0,1,1,1,1,0,0,0,1,0,0,0,0,0,0,0,0,0,0,0,0,0,0,0,0,0,0,0
0,1,1,0,1,1,0,0,0,0,0,1,0,0,0,0,1,1,1,1,1,0,1,1,1,1,0,1,0,0,0,0,0,0,1,0,1,0,1,0,0,0,0,0,0,0,1,1,0
0,1,0,0,0,0,0,1,1,0,0,1,0,0,1,0,0,1,0,1,0,1,0,1,1,1,0,0,0,1,0,0,1,1,1,0,1,1,1,0,0,0,0,0,0,0,1,1,1
0,1,0,0,1,0,0,0,0,1,0,1,0,1,0,1,1,1,0,1,0,0,0,0,0,0,0,0,1,1,1,0,0,0,0,0,0,1,1,0,0,0,0,0,0,0,0,0,1
0,0,1,1,1,0,1,0,1,0,0,1,1,0,1,1,1,0,1,0,0,1,0,0,1,1,0,1,1,0,0,0,1,0,0,1,1,0,0,0,0,0,0,0,0,0,0,1,0
1,0,0,0,0,0,0,0,1,0,1,1,1,0,0,0,1,1,1,1,1,1,0,0,1,0,0,1,0,1,0,1,1,0,0,1,1,0,0,0,0,0,0,0,0,0,0,1,0
0,1,0,0,1,1,0,0,0,0,1,1,0,1,0,1,1,1,0,1,1,1,0,1,1,1,1,0,1,0,0,0,1,1,0,1,0,0,0,0,0,0,0,0,0,0,0,0,0
0,1,0,0,1,1,1,1,0,1,1,1,0,1,1,1,1,0,0,0,0,1,1,1,1,1,1,0,1,0,1,0,1,0,0,1,0,1,0,0,0,0,0,0,0,0,0,0,1
1,0,0,0,0,0,0,0,1,1,1,0,0,0,0,1,0,0,0,1,0,1,0,0,1,0,0,0,0,0,0,1,0,0,0,1,0,0,1,0,0,0,0,0,0,0,0,0,0
0,1,1,1,0,0,1,1,0,1,1,1,1,0,0,1,1,0,1,0,0,1,0,0,0,0,0,0,0,1,0,0,1,0,0,1,0,0,1,0,0,0,0,0,0,0,0,0,0
0,1,0,1,0,1,1,0,1,0,1,1,1,0,1,0,0,1,0,0,1,1,0,1,0,1,0,0,0,0,0,0,1,1,0,1,0,1,0,0,0,0,0,0,0,0,0,0,1
0,1,0,1,1,1,1,0,0,0,0,0,0,1,1,1,0,1,1,0,0,0,0,1,1,1,1,0,0,0,1,0,0,1,0,0,0,0,1,0,0,0,0,0,0,0,1,0,0
0,1,0,0,1,1,1,0,0,1,0,1,1,0,0,1,0,0,0,1,0,0,0,0,1,0,1,1,1,1,1,0,1,1,0,1,1,1,1,0,0,0,0,0,0,0,0,1,1
0,1,0,0,1,1,0,1,1,0,1,0,1,1,0,0,1,1,1,1,0,1,0,0,1,1,1,1,1,1,0,1,1,1,1,1,1,1,1,0,0,0,0,0,0,0,0,1,1
0,1,1,0,1,1,0,0,0,0,1,1,1,1,1,0,1,0,1,0,1,0,1,0,0,0,1,1,1,1,1,0,1,0,0,1,0,1,0,0,0,0,0,0,0,0,0,0,1
0,1,0,1,1,0,0,1,1,0,1,1,1,0,0,1,0,0,1,0,0,0,1,0,0,1,0,1,0,1,1,1,1,1,0,0,1,0,0,0,0,0,0,0,0,0,0,1,0
0,1,0,1,0,0,0,0,1,0,0,0,1,1,0,1,1,0,1,0,0,1,0,0,0,1,1,1,1,0,0,0,1,1,1,1,0,0,0,0,0,0,0,0,0,0,0,0,0
0,1,0,0,0,0,0,1,1,1,0,0,1,0,0,1,0,1,0,0,1,0,1,0,1,1,0,1,1,0,0,1,1,0,0,0,0,0,0,0,0,0,0,0,0,0,0,0,0
0,1,0,0,0,1,0,0,0,0,0,1,0,1,0,0,1,1,0,1,0,1,0,1,1,1,1,1,1,0,1,0,1,0,0,0,0,1,1,0,0,0,0,0,0,0,1,0,1
0,1,0,0,1,0,0,0,1,1,1,0,1,0,0,0,1,0,0,1,1,0,1,1,1,0,0,1,0,1,1,1,0,1,0,1,1,0,1,0,0,0,0,0,0,0,1,1,0
0,1,0,0,1,1,0,1,1,1,1,0,1,0,1,0,1,0,1,0,0,1,0,1,1,1,0,1,0,1,1,0,1,0,1,1,1,1,1,0,0,0,0,0,0,0,1,1,1
0,1,1,1,1,1,1,0,1,0,1,1,0,0,0,0,1,0,1,0,1,0,1,0,1,0,0,0,0,0,1,0,0,0,1,0,0,1,1,0,0,0,0,0,0,0,1,0,1
0,0,1,1,1,0,1,0,0,1,1,1,1,1,0,0,1,1,0,0,0,1,0,1,0,1,0,0,0,1,0,1,0,0,1,0,1,0,1,0,0,0,0,0,0,0,1,1,0
0,1,0,1,1,0,0,0,1,0,0,1,1,0,0,0,0,0,0,0,0,0,1,1,1,0,1,0,1,1,0,1,1,1,1,0,0,0,0,0,0,0,0,0,0,0,0,0,0
0,1,1,0,0,0,0,0,1,0,0,1,0,1,0,1,1,1,0,0,0,0,0,1,1,1,1,0,1,1,1,0,0,0,0,1,1,0,0,0,0,0,0,0,0,0,0,1,0
0,1,1,0,1,0,0,0,0,1,0,1,0,1,1,0,0,0,0,1,0,1,1,0,1,1,0,1,1,1,0,0,0,0,0,1,1,1,0,0,0,0,0,0,0,0,0,1,1
0,0,1,1,1,0,1,0,1,1,0,0,1,1,0,1,1,0,0,1,1,0,0,1,1,0,0,1,1,1,1,0,0,1,1,0,0,0,0,0,0,0,0,0,0,0,0,0,0
0,1,1,0,0,1,1,0,0,1,0,1,1,1,1,0,1,1,0,0,0,0,0,1,1,0,0,0,1,0,0,1,1,1,1,0,1,0,1,0,0,0,0,0,0,0,0,1,0
0,1,0,1,1,0,1,1,0,1,1,1,1,0,1,1,1,0,0,1,0,0,1,1,1,1,0,1,1,1,1,1,0,1,1,1,0,1,0,0,0,0,0,0,0,0,0,0,1
0,1,1,1,1,0,0,1,1,1,1,0,0,0,0,1,1,0,1,0,0,1,0,0,1,1,0,1,0,1,0,0,1,0,0,1,1,1,1,0,0,0,0,0,0,0,0,1,1
0,1,1,0,0,1,1,1,1,0,1,1,0,0,0,0,1,1,1,1,0,0,0,0,0,0,0,1,0,1,1,1,1,1,0,1,1,0,1,0,0,0,0,0,0,0,0,1,0
1,0,0,0,0,0,0,1,1,1,0,0,0,0,1,0,1,0,1,1,0,0,0,1,0,1,1,0,0,1,1,1,1,0,1,0,1,1,0,0,0,0,0,0,0,0,0,1,1
0,1,0,0,0,0,1,0,1,0,1,0,1,0,0,0,1,0,0,1,1,1,0,1,0,0,1,1,1,1,0,1,1,0,0,1,1,1,1,0,0,0,0,0,0,0,1,1,1
0,1,1,1,1,1,0,1,1,0,0,1,1,1,0,0,0,1,0,0,0,0,1,0,0,1,0,0,0,0,1,0,0,0,1,0,0,0,0,0,0,0,0,0,0,0,0,0,0
0,1,0,0,1,1,0,0,0,0,1,1,0,1,0,0,1,1,1,1,0,0,0,1,1,1,1,0,0,0,0,0,0,0,0,0,0,0,1,0,0,0,0,0,0,0,1,0,0
1,0,0,0,0,0,0,1,1,1,1,1,1,1,0,0,1,1,0,1,1,1,0,1,0,0,0,0,0,1,1,1,1,0,0,0,1,0,0,0,0,0,0,0,0,0,0,1,0
0,1,1,0,0,0,0,1,0,1,0,0,1,1,1,0,1,1,1,1,0,0,0,1,0,0,0,1,0,1,0,0,1,0,0,1,0,0,0,0,0,0,0,0,0,0,0,0,0
0,1,1,1,1,1,0,0,0,1,0,0,1,0,1,1,0,0,1,0,0,0,1,1,1,0,0,0,0,0,0,0,0,1,0,0,0,1,0,0,0,0,0,0,0,0,0,0,1
0,1,0,1,1,1,0,0,0,1,0,1,1,1,1,0,1,0,1,1,1,0,1,0,0,0,1,0,1,0,1,0,0,0,0,1,0,0,0,0,0,0,0,0,0,0,0,0,0
0,1,1,0,1,0,0,0,0,1,1,1,1,0,1,1,1,1,1,1,0,0,1,0,1,0,0,1,0,0,1,1,0,0,1,1,0,1,1,0,0,0,0,0,0,0,1,0,1
0,0,1,1,1,1,0,0,0,0,1,0,1,1,0,1,1,0,0,1,1,1,0,0,1,0,1,1,0,0,0,0,0,1,1,0,0,0,1,0,0,0,0,0,0,0,0,0,0
0,1,0,0,1,1,0,0,0,0,0,0,0,1,0,0,0,0,1,1,0,0,0,0,1,0,1,0,1,0,0,1,1,0,0,1,0,1,0,0,0,0,0,0,0,0,0,0,1
0,1,0,1,0,0,0,0,0,1,0,0,0,1,1,0,0,1,1,0,0,1,0,1,0,1,1,1,0,0,1,1,0,1,1,1,1,1,0,0,0,0,0,0,0,0,0,1,1
0,1,0,0,0,1,1,1,0,1,1,1,1,0,0,0,0,1,0,0,0,1,1,1,0,1,1,0,1,1,0,1,0,1,1,0,1,0,0,0,0,0,0,0,0,0,0,1,0
0,1,1,0,1,1,1,1,1,0,1,0,1,1,0,1,0,1,0,1,1,1,1,0,0,0,1,0,1,1,0,0,1,0,0,0,0,0,0,0,0,0,0,0,0,0,0,0,0
0,1,0,0,0,0,1,1,1,0,1,1,0,0,0,0,0,1,1,0,1,0,1,1,1,0,1,0,1,1,1,1,1,1,1,1,1,0,1,0,0,0,0,0,0,0,1,1,0
0,1,0,0,1,1,0,0,0,0,1,1,1,0,1,1,0,0,0,1,0,0,0,0,0,1,0,0,1,0,0,0,1,1,1,1,1,1,0,0,0,0,0,0,0,0,0,1,1
0,1,0,0,0,1,1,0,0,1,0,0,1,1,0,1,1,1,1,1,1,1,1,0,1,0,1,1,1,0,0,1,1,0,0,1,0,0,0,0,0,0,0,0,0,0,0,0,0
0,1,0,0,0,1,1,1,0,1,1,0,1,1,1,1,1,0,0,0,1,0,0,0,1,0,1,0,1,1,0,1,0,1,0,0,1,0,1,0,0,0,0,0,0,0,0,1,0
0,1,1,0,0,0,1,1,0,0,1,1,1,0,1,0,1,0,0,0,1,0,1,0,0,1,0,1,0,0,1,1,1,1,0,0,1,0,1,0,0,0,0,0,0,0,1,1,0
0,1,0,1,1,1,1,1,0,0,1,0,1,1,1,0,1,1,0,0,0,0,1,0,1,0,1,1,1,0,0,0,0,1,1,0,1,0,1,0,0,0,0,0,0,0,1,1,0
0,1,1,0,0,0,1,1,0,0,0,1,0,0,0,1,1,1,0,1,0,1,0,1,0,0,0,0,1,1,0,1,0,0,0,1,1,1,0,0,0,0,0,0,0,0,0,1,1
0,1,1,0,0,1,0,0,1,1,0,1,1,1,0,1,0,1,1,1,0,1,1,1,1,1,0,0,0,1,0,1,1,1,0,0,0,1,1,0,0,0,0,0,0,0,1,0,1
0,1,1,0,1,1,0,1,1,0,0,0,0,1,0,0,0,1,0,0,0,1,1,0,0,0,1,0,0,1,0,1,1,1,1,0,1,0,0,0,0,0,0,0,0,0,0,1,0
0,1,0,1,0,0,0,0,1,0,0,0,1,1,0,1,0,0,0,0,1,1,1,0,0,1,0,0,0,1,0,0,1,1,0,0,1,0,1,0,0,0,0,0,0,0,1,1,0
0,1,1,0,0,0,0,0,0,1,0,1,1,0,0,0,1,1,0,1,1,0,0,1,0,1,0,1,1,0,1,0,1,1,1,0,0,0,0,0,0,0,0,0,0,0,0,0,0
0,1,1,0,0,0,0,1,0,0,0,0,0,1,1,0,0,1,0,0,0,1,0,1,0,1,0,0,0,1,1,1,0,1,0,1,0,0,1,0,0,0,0,0,0,0,0,0,0
0,1,1,0,0,0,1,0,1,1,1,0,1,0,0,1,1,1,1,0,0,0,0,0,1,1,1,0,0,1,0,0,1,1,1,0,1,0,0,0,0,0,0,0,0,0,0,1,0
0,1,1,1,1,0,0,0,0,1,1,1,0,1,1,1,1,0,0,1,0,0,1,0,1,1,0,1,0,1,1,0,1,1,1,0,1,1,0,0,0,0,0,0,0,0,0,1,1
0,1,1,0,1,0,1,0,1,0,1,0,0,1,1,1,0,1,1,0,0,0,1,1,0,1,1,0,1,0,1,0,0,1,1,0,0,1,1,0,0,0,0,0,0,0,1,0,1
0,1,0,0,0,1,0,0,0,0,0,1,0,0,0,1,0,0,1,1,0,1,0,0,0,0,1,0,0,1,0,1,0,1,1,0,1,0,1,0,0,0,0,0,0,0,0,1,0
0,0,1,1,1,1,0,0,1,1,0,1,0,0,0,1,1,1,1,0,1,1,0,0,1,1,1,0,0,0,0,1,0,0,0,0,0,0,0,0,0,0,0,0,0,0,0,0,0
0,1,0,0,1,0,1,0,0,0,1,1,0,1,1,0,0,0,1,1,0,1,0,1,0,0,1,0,0,0,0,0,0,1,0,1,0,0,1,0,0,0,0,0,0,0,0,0,0
0,1,0,1,0,1,1,1,0,0,0,0,0,0,1,1,1,1,0,0,1,1,1,1,1,0,1,0,0,0,0,1,1,0,1,1,0,1,1,0,0,0,0,0,0,0,1,0,1
0,1,0,0,1,0,0,0,1,0,0,1,0,0,0,1,0,1,1,0,1,0,0,0,0,1,1,1,0,1,0,1,1,0,1,0,1,1,0,0,0,0,0,0,0,0,0,1,1
0,1,0,0,1,1,0,0,1,0,1,1,1,1,0,0,0,0,0,1,1,1,0,1,1,1,1,1,0,0,1,0,1,0,0,1,0,1,1,0,0,0,0,0,0,0,1,0,1
0,1,0,1,1,0,0,0,0,0,1,0,0,1,1,1,1,0,1,0,0,1,0,0,0,0,0,1,0,1,1,1,1,1,1,0,1,1,0,0,0,0,0,0,0,0,0,1,1
0,1,0,0,0,1,0,1,0,1,1,0,1,1,0,0,1,1,0,1,1,0,1,1,0,1,1,0,1,0,1,0,1,1,1,0,0,1,0,0,0,0,0,0,0,0,0,0,1
0,1,1,0,0,1,0,0,0,0,0,1,0,0,0,1,0,0,0,0,1,1,1,1,1,0,1,0,1,0,0,1,1,0,1,0,1,1,1,0,0,0,0,0,0,0,1,1,1
0,1,1,1,1,0,1,1,0,0,0,0,1,1,1,0,0,1,1,0,1,0,1,0,0,0,0,1,1,1,0,0,0,1,0,1,0,1,0,0,0,0,0,0,0,0,0,0,1
0,1,1,1,1,0,0,0,0,0,0,1,1,1,0,1,0,0,0,1,1,0,1,0,1,1,0,1,1,0,1,1,1,1,0,1,1,0,0,0,0,0,0,0,0,0,0,1,0
0,1,1,1,1,1,1,1,0,1,0,1,1,0,0,1,1,1,0,1,0,1,1,1,0,0,1,1,1,1,1,0,0,1,0,0,1,0,0,0,0,0,0,0,0,0,0,1,0
0,1,0,0,0,1,1,1,0,1,0,0,1,0,0,1,1,0,0,0,1,0,0,1,0,0,1,1,0,0,1,0,1,1,1,0,1,0,1,0,0,0,0,0,0,0,1,1,0
0,1,0,1,0,1,1,1,0,0,1,1,0,0,0,1,1,1,1,1,0,0,0,0,1,0,0,0,0,0,0,1,0,0,0,0,0,0,0,0,0,0,0,0,0,0,0,0,0
0,1,1,1,1,0,1,1,0,1,0,1,0,0,0,1,0,1,0,1,0,1,0,0,0,1,1,1,1,1,0,0,0,1,0,0,1,1,1,0,0,0,0,0,0,0,0,1,1
0,1,1,0,0,0,0,0,1,0,0,1,0,0,0,1,0,1,1,1,0,1,0,0,0,1,1,0,1,1,1,1,1,0,1,0,1,1,0,0,0,0,0,0,0,0,0,1,1
1,0,0,0,0,0,0,0,0,1,1,0,1,1,1,1,1,1,0,1,0,0,0,0,0,0,0,0,1,0,0,1,0,1,0,1,1,1,1,0,0,0,0,0,0,0,0,1,1
0,1,0,0,1,0,1,1,1,0,0,1,0,0,0,1,0,0,1,0,0,0,1,0,0,1,1,0,1,1,1,0,0,1,1,0,0,0,0,0,0,0,0,0,0,0,0,0,0
0,1,0,0,1,1,1,0,1,1,0,0,0,1,0,0,1,1,1,1,0,1,1,1,1,1,1,0,1,1,0,0,0,0,0,1,0,0,1,0,0,0,0,0,0,0,1,0,0
0,1,0,1,1,1,0,0,1,0,0,1,1,0,0,0,0,1,0,1,0,1,1,0,1,0,1,1,1,1,0,0,1,1,0,1,0,1,0,0,0,0,0,0,0,0,0,0,1
0,1,0,0,1,1,0,1,0,1,0,1,0,0,1,1,0,0,0,1,0,0,1,1,0,0,1,1,0,1,1,1,0,0,0,1,0,0,0,0,0,0,0,0,0,0,0,0,0
0,1,0,1,1,0,0,0,0,0,1,1,0,1,1,1,1,0,1,0,0,1,1,0,1,0,0,0,0,0,1,0,0,1,0,0,0,0,1,0,0,0,0,0,0,0,1,0,0
0,1,0,0,0,0,1,0,1,1,1,0,1,0,0,1,0,1,0,1,1,0,0,1,1,0,1,1,0,1,1,1,0,1,0,1,0,1,0,0,0,0,0,0,0,0,0,0,1
0,1,1,0,0,1,1,1,1,1,0,1,1,1,1,0,1,1,1,0,1,1,0,1,0,0,1,1,0,0,1,1,1,1,0,1,1,1,1,0,0,0,0,0,0,0,0,1,1
0,1,1,0,1,1,1,1,1,1,1,0,1,0,1,0,1,0,0,1,1,1,0,0,1,0,0,1,0,1,0,0,0,1,1,0,0,0,0,0,0,0,0,0,0,0,0,0,0
0,1,1,0,0,0,0,1,1,1,0,0,1,0,0,0,0,0,0,0,0,0,0,1,0,0,0,1,1,1,0,0,1,0,0,0,0,1,1,0,0,0,0,0,0,0,0,0,1
0,1,0,1,1,0,1,1,1,1,1,0,0,0,1,0,0,1,1,0,1,1,0,0,0,1,1,0,1,1,1,1,1,1,0,0,0,0,1,0,0,0,0,0,0,0,0,0,0
0,1,1,0,1,0,0,0,1,0,0,0,0,0,0,0,0,1,1,1,0,0,1,0,0,0,1,0,0,0,1,1,0,0,0,0,0,1,0,0,0,0,0,0,0,0,0,0,1
0,1,1,0,0,1,0,0,0,0,0,0,0,0,0,0,1,1,0,0,1,1,0,0,1,1,0,1,1,1,1,1,1,1,0,1,1,0,1,0,0,0,0,0,0,0,0,1,0
0,1,1,1,0,0,1,1,0,1,1,0,0,0,1,0,1,0,1,1,0,0,1,1,1,1,0,0,0,1,0,0,1,0,1,0,1,1,0,0,0,0,0,0,0,0,0,1,1
0,1,0,0,1,1,1,0,0,1,1,0,0,1,0,0,1,1,1,1,1,1,1,0,1,1,1,0,0,0,1,1,0,0,1,1,1,0,0,0,0,0,0,0,0,0,0,1,0
0,1,1,0,1,1,1,0,1,0,0,1,0,1,1,0,0,0,1,0,1,0,1,0,1,0,1,0,1,0,1,1,0,0,0,0,0,0,1,0,0,0,0,0,0,0,1,0,0
0,1,0,0,1,1,0,1,0,0,0,0,0,0,0,0,1,0,0,0,1,0,1,0,1,0,0,0,1,1,1,1,1,0,0,0,0,1,0,0,0,0,0,0,0,0,0,0,1
0,0,1,1,1,1,1,1,0,1,1,0,0,1,1,1,1,0,0,0,1,0,0,1,0,1,1,1,0,0,0,0,0,0,0,0,0,0,0,0,0,0,0,0,0,0,0,0,0
0,1,1,1,0,1,1,0,1,0,0,1,0,0,1,1,1,0,1,1,1,1,1,0,0,0,0,0,0,0,0,0,1,1,1,0,0,1,1,0,0,0,0,0,0,0,1,0,1
0,1,0,0,1,1,0,1,1,1,0,1,1,1,1,0,1,0,1,0,1,0,0,1,0,1,1,0,0,1,0,0,0,1,0,0,1,0,0,0,0,0,0,0,0,0,0,1,0
0,1,0,0,1,1,1,0,1,1,0,1,1,1,1,1,1,0,0,1,1,0,0,0,0,1,0,0,1,1,1,1,0,0,1,1,0,0,0,0,0,0,0,0,0,0,0,0,0
0,1,1,0,1,0,0,0,1,0,0,0,0,1,1,0,1,0,0,0,1,0,0,1,0,1,1,0,0,1,0,0,1,1,1,1,0,0,0,0,0,0,0,0,0,0,0,0,0
0,1,1,1,1,1,1,0,1,0,0,1,1,0,0,1,0,1,0,0,1,1,1,0,1,1,1,1,1,0,0,0,0,1,1,0,1,1,1,0,0,0,0,0,0,0,1,1,1
0,1,1,0,0,0,1,1,1,1,1,1,1,0,1,0,1,1,0,0,0,0,1,1,1,1,1,0,1,1,0,0,0,0,0,0,1,0,1,0,0,0,0,0,0,0,1,1,0
0,1,0,1,1,1,0,0,0,0,1,0,0,1,1,0,0,1,0,0,1,0,0,1,1,1,1,1,1,1,1,1,1,0,0,1,1,0,0,0,0,0,0,0,0,0,0,1,0
0,1,0,1,1,1,1,0,1,0,0,1,0,0,1,0,0,0,0,0,1,1,0,0,0,0,0,0,0,1,1,0,1,0,1,0,1,1,0,0,0,0,0,0,0,0,0,1,1
0,1,0,1,1,1,0,1,0,1,0,0,1,0,0,0,0,0,0,1,1,0,1,1,0,1,1,1,1,0,0,1,1,1,0,1,1,1,1,0,0,0,0,0,0,0,1,1,1
0,1,1,1,0,1,1,0,0,1,0,1,1,0,0,1,1,0,1,1,0,1,1,0,0,0,1,0,0,1,0,0,0,1,0,1,0,0,0,0,0,0,0,0,0,0,0,0,0
0,1,0,1,0,0,0,1,1,1,0,1,0,0,1,0,1,1,1,0,1,0,1,0,1,0,0,0,1,0,1,1,1,0,0,1,1,1,0,0,0,0,0,0,0,0,0,1,1
0,1,1,1,1,1,1,1,1,0,0,0,1,0,1,1,0,0,0,0,1,0,1,0,1,1,1,0,0,1,0,1,1,0,0,1,0,1,1,0,0,0,0,0,0,0,1,0,1
0,1,1,1,0,0,1,1,0,1,1,0,0,0,0,0,0,1,1,0,0,0,1,0,0,0,0,1,1,0,1,1,0,0,1,0,0,0,1,0,0,0,0,0,0,0,1,0,0
0,0,1,1,1,0,1,1,1,0,1,0,1,1,0,0,0,1,0,1,0,1,0,1,1,1,0,0,1,1,1,0,0,1,0,1,1,0,0,0,0,0,0,0,0,0,0,1,0
0,1,1,1,0,1,0,0,1,1,1,1,0,0,1,1,1,1,0,0,1,1,0,1,1,1,1,0,0,0,0,1,1,1,0,0,0,1,0,0,0,0,0,0,0,0,0,0,1
0,1,0,0,1,0,1,1,1,0,0,1,1,1,1,0,0,0,0,1,0,0,1,0,0,0,0,1,0,0,0,0,1,0,1,1,0,0,1,0,0,0,0,0,0,0,1,0,0
0,1,0,0,1,1,0,1,1,0,1,0,0,0,1,0,0,1,0,0,1,1,1,1,1,1,0,1,1,1,1,0,0,0,1,0,1,0,0,0,0,0,0,0,0,0,0,1,0
0,1,1,1,1,1,1,1,0,0,0,0,1,1,0,1,1,1,1,1,1,1,0,0,0,0,0,0,1,1,0,0,1,1,0,0,1,1,1,0,0,0,0,0,0,0,0,1,1
0,1,0,1,0,1,0,1,1,0,1,0,1,0,1,0,0,0,0,0,0,0,0,0,0,1,1,0,1,1,0,1,1,1,0,1,1,0,0,0,0,0,0,0,0,0,0,1,0
0,1,1,1,1,1,0,1,0,0,0,1,1,1,1,1,1,1,0,1,0,0,0,0,1,1,0,0,0,1,0,0,1,0,0,0,1,1,0,0,0,0,0,0,0,0,0,1,1
0,1,1,0,0,1,1,1,1,1,0,1,1,1,1,0,1,1,0,1,1,1,1,0,1,1,1,0,0,1,0,1,1,1,0,0,0,0,1,0,0,0,0,0,0,0,1,0,0
0,1,1,0,1,1,1,0,1,0,0,1,1,0,1,1,1,0,0,0,1,1,1,1,0,0,0,1,1,1,0,0,1,0,0,1,0,0,0,0,0,0,0,0,0,0,0,0,0
0,1,1,1,0,0,0,0,1,1,0,1,1,1,0,0,0,0,0,1,1,0,0,0,0,0,1,0,0,0,1,0,0,0,0,0,1,0,1,0,0,0,0,0,0,0,0,1,0
0,1,1,0,0,0,1,1,1,1,0,0,0,1,1,1,1,0,1,0,1,0,0,1,1,1,1,0,0,1,0,1,0,0,0,0,0,1,0,0,0,0,0,0,0,0,0,0,1
0,1,0,1,0,1,0,0,1,0,0,0,0,0,0,0,0,0,0,0,0,1,1,0,0,1,1,0,0,1,1,1,1,0,0,1,1,0,1,0,0,0,0,0,0,0,1,1,0
1,0,0,0,0,0,0,0,1,0,0,1,0,0,0,1,0,1,0,1,0,1,1,1,0,0,0,1,1,0,1,0,1,1,1,1,1,1,1,0,0,0,0,0,0,0,1,1,1
0,1,0,0,0,1,1,0,0,1,1,1,1,0,0,1,1,0,1,0,0,0,1,1,0,0,0,0,0,1,0,0,1,1,1,1,1,1,0,0,0,0,0,0,0,0,0,1,1
0,1,0,1,0,0,1,1,0,0,1,1,1,1,0,0,0,1,1,0,1,1,0,1,0,1,1,1,1,1,0,0,0,0,1,1,0,1,1,0,0,0,0,0,0,0,1,0,1
0,1,0,0,1,0,1,0,1,0,1,1,1,1,0,1,1,0,0,1,1,0,1,0,0,1,1,0,1,0,1,1,0,1,0,1,0,1,1,0,0,0,0,0,0,0,1,0,1
0,1,0,1,1,0,0,1,0,1,1,0,0,0,0,0,0,1,0,0,1,0,0,1,0,0,1,1,0,1,0,1,1,1,1,0,0,0,0,0,0,0,0,0,0,0,0,0,0
0,1,0,1,0,1,1,1,0,1,1,1,0,0,0,0,1,0,1,1,0,0,0,1,0,0,1,0,0,1,0,1,1,1,0,1,0,1,0,0,0,0,0,0,0,0,0,0,1
0,0,1,1,1,1,1,0,1,1,0,1,0,1,0,1,1,1,0,0,0,1,1,0,1,0,0,0,1,0,1,1,1,0,1,1,0,0,1,0,0,0,0,0,0,0,1,0,0
1,0,0,0,0,0,1,0,0,1,0,1,1,1,0,1,1,1,0,1,0,0,0,0,0,1,1,0,0,1,1,1,0,1,0,0,1,1,0,0,0,0,0,0,0,0,0,1,1
0,1,0,1,0,0,1,0,1,1,1,1,1,0,0,0,1,1,0,1,1,1,1,0,1,0,0,1,1,0,0,1,1,1,1,1,1,0,1,0,0,0,0,0,0,0,1,1,0
0,1,1,1,1,1,0,0,0,0,0,0,1,1,1,0,1,0,1,0,1,1,0,1,0,1,0,1,1,1,0,1,1,1,1,0,1,1,0,0,0,0,0,0,0,0,0,1,1
0,1,0,0,1,1,1,1,0,0,0,0,1,1,0,0,0,0,1,0,1,1,1,1,1,1,0,0,1,0,1,0,0,1,1,1,1,0,0,0,0,0,0,0,0,0,0,1,0
0,1,0,0,0,1,1,0,0,1,1,0,0,0,1,0,0,0,0,0,1,1,1,0,0,1,0,0,0,0,1,0,1,1,0,1,0,1,0,0,0,0,0,0,0,0,0,0,1
0,1,0,0,0,0,0,0,1,0,0,0,1,1,0,1,0,0,0,1,1,0,0,1,0,1,0,1,1,0,1,1,1,0,0,1,1,0,1,0,0,0,0,0,0,0,1,1,0
0,1,1,1,1,1,1,0,1,1,0,1,0,1,1,1,1,1,1,1,0,0,1,1,0,0,0,0,0,0,0,1,0,0,0,0,1,0,1,0,0,0,0,0,0,0,1,1,0
0,1,0,1,1,1,0,0,1,0,0,0,1,1,0,1,1,0,1,1,1,0,0,0,1,1,0,0,0,1,0,0,0,0,0,0,1,1,0,0,0,0,0,0,0,0,0,1,1
0,1,1,0,1,1,1,0,0,0,1,0,0,1,1,0,0,1,1,0,1,1,1,1,1,0,0,1,0,1,1,1,0,1,0,1,0,0,0,0,0,0,0,0,0,0,0,0,0
0,1,0,1,1,1,1,1,1,1,1,1,0,0,0,0,1,1,0,1,1,0,1,1,1,0,0,0,1,0,0,1,0,1,0,1,0,1,0,0,0,0,0,0,0,0,0,0,1
0,1,1,0,0,0,1,0,0,1,0,1,1,1,1,1,1,1,1,0,0,0,1,0,0,1,1,0,1,0,0,1,1,1,0,0,1,1,1,0,0,0,0,0,0,0,1,1,1
0,1,0,0,0,1,1,1,1,0,1,1,0,0,1,0,1,0,1,0,1,1,0,0,0,1,0,0,0,1,0,1,1,0,1,1,0,1,0,0,0,0,0,0,0,0,0,0,1
0,1,0,1,0,1,0,0,0,1,1,0,1,1,0,0,1,0,0,0,1,1,0,1,0,0,0,1,0,0,1,0,0,1,1,1,1,1,0,0,0,0,0,0,0,0,0,1,1
0,1,1,1,0,1,1,0,1,0,0,1,1,1,1,1,0,0,0,1,1,1,0,1,0,0,0,1,1,0,0,0,0,0,1,0,1,0,0,0,0,0,0,0,0,0,0,1,0
0,1,0,0,0,1,1,1,0,1,1,0,0,1,0,0,1,0,0,0,1,1,0,1,1,0,1,1,1,0,0,0,1,1,0,0,1,1,0,0,0,0,0,0,0,0,0,1,1
1,0,0,0,0,0,1,0,0,0,1,1,1,0,0,1,0,1,0,0,0,1,0,0,1,1,0,1,1,0,1,1,1,1,0,0,0,1,0,0,0,0,0,0,0,0,0,0,1
0,1,0,0,0,1,0,1,0,0,1,0,0,0,0,1,0,0,0,0,0,0,0,0,0,0,1,1,1,0,0,1,0,1,1,0,1,0,1,0,0,0,0,0,0,0,0,1,0
0,1,1,0,1,0,1,1,1,1,0,0,0,1,1,1,1,1,0,1,1,1,0,1,1,0,0,1,0,0,1,0,0,0,0,0,1,1,0,0,0,0,0,0,0,0,0,1,1
0,1,1,1,0,1,0,0,1,0,1,0,0,1,1,1,0,0,1,1,1,0,0,0,1,0,1,1,1,0,0,0,1,1,0,1,1,1,1,0,0,0,0,0,0,0,0,1,1
0,1,1,0,1,1,0,0,1,1,0,1,0,0,1,1,0,1,0,0,1,1,0,1,1,1,0,1,1,0,0,1,1,0,0,0,0,1,0,0,0,0,0,0,0,0,0,0,1
0,1,1,1,1,1,1,0,0,0,0,0,0,0,0,0,0,0,1,1,0,0,1,0,1,1,1,1,0,1,0,0,1,0,1,1,1,1,1,0,0,0,0,0,0,0,1,1,1
0,1,0,1,1,1,0,1,1,0,1,0,1,1,0,0,1,0,0,1,1,0,1,1,0,0,1,1,1,0,0,1,1,0,0,1,0,1,0,0,0,0,0,0,0,0,0,0,1
0,1,1,1,1,0,0,0,0,1,1,0,1,0,1,1,1,1,0,0,1,1,1,1,1,0,0,1,1,1,0,0,1,1,1,0,0,1,1,0,0,0,0,0,0,0,1,0,1
1,0,0,0,0,0,0,0,0,0,1,1,0,0,1,0,0,0,0,1,1,0,0,0,0,0,0,0,1,0,0,1,1,0,0,1,0,0,0,0,0,0,0,0,0,0,0,0,0
0,1,0,0,1,0,0,1,1,0,0,0,0,1,1,0,1,1,0,0,1,1,0,1,0,1,0,1,1,1,1,0,1,1,1,1,1,1,1,0,0,0,0,0,0,0,1,1,1
0,1,0,0,1,1,0,1,0,0,0,1,0,1,1,1,1,1,0,0,0,0,1,0,0,1,0,1,0,1,0,1,1,1,1,1,0,1,1,0,0,0,0,0,0,0,1,0,1
0,1,1,1,0,1,1,0,1,0,0,0,0,0,0,0,0,0,1,0,0,0,0,0,1,1,1,0,1,0,0,0,1,0,0,0,0,0,1,0,0,0,0,0,0,0,0,0,0
0,0,1,1,1,0,1,1,0,1,1,0,1,1,0,0,1,1,1,1,0,0,0,0,1,0,1,0,0,1,1,1,0,1,0,0,0,0,1,0,0,0,0,0,0,0,0,0,0
0,1,0,0,0,1,1,1,1,1,0,1,1,1,0,1,1,0,0,1,1,1,0,1,1,1,0,0,0,0,0,0,1,1,0,0,0,0,1,0,0,0,0,0,0,0,1,0,0
0,1,1,0,1,0,0,1,0,1,1,0,0,0,0,1,1,0,1,0,1,0,1,0,1,1,1,0,0,1,1,0,1,1,0,1,1,0,1,0,0,0,0,0,0,0,1,1,0
0,1,1,1,0,0,1,0,0,0,0,0,1,0,1,1,0,1,1,0,1,1,1,1,0,1,1,1,0,0,1,0,1,1,0,0,1,0,0,0,0,0,0,0,0,0,0,1,0
0,1,0,1,0,0,1,1,1,1,0,0,0,0,1,1,1,1,1,0,1,0,0,0,0,0,1,1,1,1,0,0,0,1,1,0,0,1,0,0,0,0,0,0,0,0,0,0,1
0,1,1,1,0,1,1,1,0,1,1,0,0,0,1,1,0,0,1,1,0,0,0,1,1,0,1,1,1,1,0,1,1,1,1,1,0,1,0,0,0,0,0,0,0,0,0,0,1
0,1,1,0,0,0,1,1,1,0,1,0,0,1,0,1,0,1,1,1,1,1,1,0,0,1,0,1,0,0,0,1,0,0,1,0,0,0,1,0,0,0,0,0,0,0,1,0,0
0,1,1,1,1,1,1,0,1,0,1,0,1,1,0,1,1,0,0,0,1,0,0,1,0,1,1,0,1,1,0,0,0,0,0,0,0,1,1,0,0,0,0,0,0,0,0,0,1
0,1,0,1,0,0,1,0,1,0,1,1,1,1,1,1,1,0,0,0,0,0,1,0,0,1,1,0,0,1,1,0,1,0,1,1,0,1,0,0,0,0,0,0,0,0,0,0,1
0,1,0,1,0,1,1,1,0,1,0,0,1,1,1,0,0,1,0,0,0,1,0,1,0,0,1,1,0,0,1,0,0,1,1,1,0,1,0,0,0,0,0,0,0,0,0,0,1
0,1,0,1,1,0,0,1,0,0,1,0,0,0,0,1,0,0,1,0,1,0,1,1,1,0,0,1,0,1,0,1,0,1,0,1,0,1,1,0,0,0,0,0,0,0,1,0,1
0,1,1,0,1,1,0,0,0,1,1,1,1,0,0,0,0,0,1,1,0,0,0,1,0,1,0,1,1,1,0,0,0,0,1,0,1,1,1,0,0,0,0,0,0,0,0,1,1
0,1,0,0,1,1,0,1,0,0,1,1,1,0,0,0,0,0,1,1,0,0,1,0,0,1,1,1,0,1,0,0,0,1,1,1,0,1,0,0,0,0,0,0,0,0,0,0,1
0,1,1,0,0,0,0,1,1,0,0,0,0,1,1,0,0,0,1,0,0,1,1,0,1,0,0,0,1,0,0,0,1,0,1,0,0,0,0,0,0,0,0,0,0,0,0,0,0
0,1,0,1,0,0,0,0,1,1,1,1,1,1,0,1,0,0,1,0,0,1,1,0,0,1,0,1,0,1,0,0,0,0,1,1,0,0,1,0,0,0,0,0,0,0,1,0,0
0,1,0,1,0,1,0,0,1,1,0,0,1,0,1,0,0,1,1,1,0,1,0,0,1,1,0,1,0,0,0,1,0,1,0,0,1,0,1,0,0,0,0,0,0,0,0,1,0
0,1,1,1,0,1,1,1,1,1,0,1,1,1,0,0,0,0,1,0,0,1,0,1,0,0,1,0,1,0,0,1,1,0,1,1,0,0,1,0,0,0,0,0,0,0,0,0,0
0,1,0,1,1,1,1,0,1,1,0,0,1,1,0,1,0,1,0,1,0,1,0,1,1,1,0,0,0,0,0,0,1,0,1,1,1,0,0,0,0,0,0,0,0,0,0,1,0
0,1,0,1,0,1,0,1,0,1,0,0,0,1,1,1,1,0,1,1,0,1,0,1,1,0,1,1,1,0,1,1,0,1,1,1,0,1,0,0,0,0,0,0,0,0,0,0,1
0,1,1,1,0,1,0,0,1,0,0,1,1,0,0,0,0,0,0,0,0,1,0,1,1,0,1,1,1,0,1,1,0,0,0,1,1,1,1,0,0,0,0,0,0,0,0,1,1
0,1,1,0,0,0,1,1,1,0,1,1,0,0,1,0,0,0,0,0,1,0,0,1,1,1,0,1,0,0,0,0,1,0,1,1,0,0,0,0,0,0,0,0,0,0,0,0,0
0,1,0,1,1,0,1,0,0,0,0,0,1,1,0,0,0,0,1,0,1,0,1,1,1,0,1,1,1,1,1,0,0,1,0,1,0,0,0,0,0,0,0,0,0,0,0,0,0
0,1,0,0,0,1,1,0,0,1,0,1,0,0,1,1,1,1,0,1,1,1,0,0,1,1,0,0,0,0,1,1,0,0,0,0,1,1,0,0,0,0,0,0,0,0,0,1,1
0,1,1,1,0,1,0,0,0,1,0,0,0,0,0,1,0,0,0,1,0,0,1,0,1,1,1,1,1,0,0,0,1,1,1,0,1,1,1,0,0,0,0,0,0,0,1,1,1
0,1,0,1,0,1,0,0,1,0,1,1,0,0,0,1,0,1,1,0,1,1,0,0,0,0,1,0,0,0,0,0,0,1,0,0,1,0,1,0,0,0,0,0,0,0,0,1,0
0,1,0,1,1,0,0,1,0,1,0,1,1,1,1,1,0,0,1,1,0,0,1,0,0,1,0,0,0,0,1,0,1,0,1,1,1,1,1,0,0,0,0,0,0,0,1,1,1
0,1,1,1,0,1,0,1,1,1,1,0,0,1,0,1,1,0,1,1,0,1,0,0,1,0,1,1,1,0,0,1,0,1,0,0,0,0,0,0,0,0,0,0,0,0,0,0,0
0,1,1,0,1,0,0,1,0,1,1,1,1,1,1,1,1,1,1,1,1,0,1,1,0,1,1,0,1,1,0,1,0,0,1,1,0,0,0,0,0,0,0,0,0,0,0,0,0
0,1,1,0,1,1,0,0,1,0,1,0,1,1,0,0,1,1,0,0,0,1,1,0,0,1,1,1,1,0,0,1,0,0,0,1,1,0,1,0,0,0,0,0,0,0,1,1,0
0,0,1,1,1,1,0,1,0,0,0,0,0,1,0,0,1,1,1,1,0,0,0,1,0,1,1,1,0,0,1,0,1,1,0,1,1,1,0,0,0,0,0,0,0,0,0,1,1
0,1,1,1,1,1,0,0,1,0,0,0,0,0,0,1,0,1,1,1,0,1,0,0,0,0,0,1,0,0,1,0,1,0,0,1,0,1,0,0,0,0,0,0,0,0,0,0,1
0,0,1,1,1,1,0,1,0,1,0,0,0,0,0,0,1,1,1,0,0,1,1,0,1,1,0,1,0,1,1,0,0,0,1,1,1,0,0,0,0,0,0,0,0,0,0,1,0
0,1,0,1,1,1,0,1,0,1,1,1,1,1,0,1,0,1,0,1,1,1,0,0,0,1,0,0,0,0,0,0,0,0,0,1,1,0,1,0,0,0,0,0,0,0,0,1,0
0,1,0,1,1,1,1,1,1,0,1,1,0,0,1,0,0,0,1,1,0,1,1,1,1,0,0,0,0,0,0,0,1,0,1,1,1,0,0,0,0,0,0,0,0,0,0,1,0
0,1,1,1,1,0,0,1,1,0,0,1,1,0,1,0,0,0,1,1,0,0,1,1,1,0,1,1,1,1,0,1,1,1,0,0,1,0,0,0,0,0,0,0,0,0,0,1,0
0,1,1,1,0,1,1,1,1,1,0,1,0,1,1,1,1,0,0,0,0,0,0,1,1,1,0,1,0,1,1,0,1,0,0,1,1,1,1,0,0,0,0,0,0,0,0,1,1
0,1,1,0,1,1,1,0,1,0,0,0,0,1,1,1,0,0,0,1,1,0,1,1,0,1,1,1,0,0,0,0,1,0,0,0,1,0,0,0,0,0,0,0,0,0,0,1,0
0,1,0,1,1,0,0,1,0,0,0,0,0,1,0,1,0,1,1,1,0,1,0,0,0,0,1,1,1,1,1,1,0,0,0,1,0,1,1,0,0,0,0,0,0,0,0,0,1
0,1,0,0,1,1,1,1,1,0,0,1,0,1,0,1,1,0,0,0,1,0,0,1,1,1,0,0,0,0,1,1,0,1,0,1,0,0,0,0,0,0,0,0,0,0,0,0,0
0,1,0,1,0,0,1,1,0,0,1,0,0,0,1,1,0,0,1,0,0,1,0,0,0,1,1,0,1,0,1,1,1,0,1,1,1,0,0,0,0,0,0,0,0,0,0,1,0
0,1,1,0,0,1,1,0,0,1,0,0,1,1,1,0,1,0,1,1,0,1,1,1,1,1,1,1,1,0,0,0,1,0,0,0,0,1,1,0,0,0,0,0,0,0,1,0,1
0,1,1,0,0,0,1,0,0,1,1,0,0,1,0,0,0,1,0,1,1,0,1,0,1,1,0,1,0,0,1,0,1,0,0,0,1,1,1,0,0,0,0,0,0,0,1,1,1
0,1,0,0,0,1,1,0,0,1,0,1,0,0,1,1,0,1,0,1,1,1,0,0,0,0,0,0,0,1,0,0,0,0,0,1,0,0,0,0,0,0,0,0,0,0,0,0,0
0,0,1,1,1,0,1,1,1,1,0,0,1,0,0,1,0,1,1,0,0,1,0,0,0,1,1,1,0,1,1,1,0,0,1,1,1,0,0,0,0,0,0,0,0,0,0,1,0
0,1,1,1,0,0,0,0,1,1,0,1,0,1,1,1,0,1,0,1,1,1,1,1,0,1,0,1,1,0,0,1,1,1,0,0,1,1,0,0,0,0,0,0,0,0,0,1,1
0,1,1,1,0,0,0,0,1,1,0,1,1,0,0,1,1,1,0,0,0,1,1,0,0,1,1,1,1,0,0,0,1,0,0,0,0,0,0,0,0,0,0,0,0,0,0,0,0
0,1,0,0,1,0,1,0,0,1,1,0,0,1,0,0,0,0,0,0,1,1,1,0,0,1,1,1,1,0,0,1,0,0,0,1,0,0,0,0,0,0,0,0,0,0,0,0,0
0,1,0,0,0,0,0,1,1,1,0,0,0,1,1,0,0,0,1,1,1,0,0,0,0,0,0,1,0,0,0,1,0,1,1,1,1,1,0,0,0,0,0,0,0,0,0,1,1
0,0,1,1,1,1,0,1,1,1,0,1,0,0,1,0,1,0,1,1,1,1,1,1,0,0,1,0,1,1,1,1,1,0,1,1,0,0,0,0,0,0,0,0,0,0,0,0,0
0,1,0,1,0,1,0,0,0,1,1,0,0,0,1,1,0,1,0,0,0,1,1,0,0,1,1,0,1,1,0,0,0,1,0,1,0,1,0,0,0,0,0,0,0,0,0,0,1
0,1,0,0,1,1,1,1,0,0,1,0,0,1,1,0,0,0,1,1,1,0,0,1,1,1,1,1,1,0,0,1,0,1,1,1,0,0,0,0,0,0,0,0,0,0,0,0,0
0,1,0,0,0,0,1,1,1,0,1,0,0,1,1,1,0,1,1,1,1,0,1,0,1,1,0,1,1,1,1,0,0,1,1,1,1,0,1,0,0,0,0,0,0,0,1,1,0
0,1,0,0,1,0,1,0,1,0,1,0,1,0,1,0,1,1,1,0,0,0,1,0,0,0,1,1,0,1,0,0,1,0,1,1,0,0,1,0,0,0,0,0,0,0,1,0,0
0,1,0,1,0,0,1,0,1,1,0,1,0,0,1,0,0,1,0,0,1,0,0,0,1,1,1,0,1,0,1,1,0,1,1,1,0,1,0,0,0,0,0,0,0,0,0,0,1
0,1,0,0,0,1,0,1,0,0,0,1,1,0,1,0,0,1,0,0,1,0,1,1,1,0,0,1,1,1,0,0,0,1,0,0,1,0,1,0,0,0,0,0,0,0,1,1,0
0,1,0,1,1,0,1,1,0,0,0,0,1,1,1,1,0,1,0,1,1,1,1,0,0,0,0,0,0,1,0,0,1,0,1,0,0,1,1,0,0,0,0,0,0,0,1,0,1
0,1,0,0,0,0,0,1,1,0,1,1,0,0,1,0,1,1,1,0,0,0,1,0,0,1,1,1,1,1,1,1,1,0,1,0,0,1,0,0,0,0,0,0,0,0,0,0,1
0,1,0,0,1,1,1,0,0,1,0,1,0,0,0,1,0,1,1,1,0,1,1,1,0,0,1,1,1,1,1,1,1,1,1,1,1,1,1,0,0,0,0,0,0,0,1,1,1
0,1,1,1,1,1,1,0,1,0,0,1,1,1,1,1,1,1,1,1,1,1,0,0,0,1,1,0,1,1,1,0,1,0,0,0,0,0,0,0,0,0,0,0,0,0,0,0,0
0,1,0,0,0,1,1,1,0,1,0,0,0,0,1,1,1,0,1,0,0,1,0,0,0,0,0,0,0,0,1,0,0,1,1,0,0,0,0,0,0,0,0,0,0,0,0,0,0
0,1,0,0,1,0,1,1,0,1,1,0,0,0,1,1,1,0,1,1,1,0,1,1,1,0,0,0,0,1,1,0,1,0,0,0,0,0,1,0,0,0,0,0,0,0,1,0,0
0,1,0,0,1,0,1,0,0,0,0,0,0,1,0,0,1,0,0,1,1,1,0,1,0,1,0,1,0,1,1,0,0,1,0,0,0,0,0,0,0,0,0,0,0,0,0,0,0
0,1,0,1,1,0,0,0,0,0,0,1,0,1,1,1,1,0,0,1,0,0,1,1,0,1,0,1,1,1,1,1,0,1,1,1,1,0,1,0,0,0,0,0,0,0,1,1,0
0,1,1,0,1,1,0,0,0,0,1,0,1,0,1,1,0,0,1,0,0,0,1,0,1,0,0,1,1,0,1,1,0,1,0,1,1,0,1,0,0,0,0,0,0,0,1,1,0
0,1,0,0,1,0,1,0,1,1,0,1,0,1,0,0,0,0,1,1,1,0,1,1,1,1,1,1,1,1,0,1,1,0,1,0,0,0,1,0,0,0,0,0,0,0,1,0,0
0,1,1,0,1,1,0,0,1,1,1,1,1,0,1,0,1,0,0,1,1,1,0,1,0,1,1,1,1,1,1,1,0,1,1,1,0,1,1,0,0,0,0,0,0,0,0,0,1
0,1,0,1,0,0,1,0,0,1,0,0,1,1,1,1,1,0,1,0,0,0,1,1,1,0,0,0,1,1,1,1,1,0,1,1,1,1,0,0,0,0,0,0,0,0,0,1,1
0,1,0,0,1,1,1,1,0,0,0,1,0,1,1,0,0,1,0,1,0,1,0,0,0,0,1,0,1,0,1,1,0,1,0,1,0,0,1,0,0,0,0,0,0,0,0,0,0
0,0,1,1,1,1,1,1,1,1,1,0,0,0,1,1,1,1,0,1,0,0,0,0,0,0,0,0,0,0,1,1,0,1,0,0,0,0,0,0,0,0,0,0,0,0,0,0,0
0,1,1,1,0,1,0,0,0,1,1,1,0,1,1,0,1,0,1,0,0,0,1,0,0,1,1,0,1,1,0,0,1,1,0,0,0,1,0,0,0,0,0,0,0,0,0,0,1
0,1,0,0,0,1,1,0,0,1,1,1,1,0,0,1,0,0,0,0,1,1,0,0,1,1,0,1,0,0,0,0,1,1,0,1,0,1,1,0,0,0,0,0,0,0,0,0,1
0,1,1,0,1,0,1,0,0,0,0,0,1,0,1,1,1,0,1,1,1,1,0,0,1,0,0,0,0,1,0,0,1,0,1,1,1,1,0,0,0,0,0,0,0,0,0,1,1
0,1,1,1,1,0,1,1,1,1,0,0,1,1,1,1,0,0,0,1,0,1,1,0,0,0,1,0,0,1,0,1,0,1,1,1,0,1,0,0,0,0,0,0,0,0,0,0,1
0,1,0,1,1,0,0,1,1,1,1,1,1,1,1,0,1,0,1,1,1,0,1,1,0,1,0,1,1,1,0,1,0,0,0,0,0,0,1,0,0,0,0,0,0,0,1,0,0
0,1,0,1,1,1,1,0,1,1,1,1,0,1,0,1,0,1,1,0,1,1,0,1,1,0,1,0,1,1,0,0,0,0,1,1,0,0,1,0,0,0,0,0,0,0,1,0,0
0,1,1,1,1,0,1,0,1,1,0,0,1,0,1,1,1,0,1,0,1,0,1,0,1,0,1,0,0,1,1,0,1,0,1,0,1,1,1,0,0,0,0,0,0,0,1,1,1
0,1,0,1,1,1,0,0,1,1,0,0,0,1,0,0,0,0,1,1,0,1,0,0,0,1,0,0,0,0,0,0,1,0,1,1,0,0,0,0,0,0,0,0,0,0,0,0,0
0,1,1,1,1,1,1,0,1,0,1,1,1,0,1,0,1,0,0,0,0,1,1,1,0,1,0,1,1,1,0,0,0,1,1,1,0,1,0,0,0,0,0,0,0,0,0,0,1
0,1,0,0,0,0,0,1,0,0,1,1,1,1,1,0,0,0,0,0,1,0,1,0,1,0,0,0,0,0,0,0,1,1,1,1,0,0,0,0,0,0,0,0,0,0,0,0,0
0,1,1,1,0,1,0,0,1,1,1,1,1,1,1,1,0,0,1,0,0,1,0,1,1,1,0,1,0,0,0,1,1,1,1,1,1,0,0,0,0,0,0,0,0,0,0,1,0
0,1,1,0,1,1,1,0,1,0,1,0,0,1,1,1,1,0,1,1,0,1,1,0,0,1,1,1,1,0,0,1,0,1,0,1,1,0,1,0,0,0,0,0,0,0,1,1,0
0,1,0,0,0,0,1,1,0,0,0,1,0,0,0,1,1,0,1,0,1,0,1,0,1,1,0,1,1,0,1,1,0,0,1,1,1,1,1,0,0,0,0,0,0,0,1,1,1
0,1,0,0,0,0,1,0,0,0,1,1,1,1,1,0,0,0,1,0,0,0,1,0,1,1,0,1,1,0,0,0,0,0,1,1,0,1,0,0,0,0,0,0,0,0,0,0,1
0,1,1,1,1,0,0,1,0,1,0,1,1,1,0,1,1,1,1,0,1,0,0,0,1,0,0,0,0,1,0,1,1,1,0,0,0,1,0,0,0,0,0,0,0,0,0,0,1
0,1,0,1,1,1,1,0,1,0,0,0,0,1,0,1,0,1,0,0,0,1,1,1,0,1,0,0,1,1,1,0,1,0,1,0,1,1,1,0,0,0,0,0,0,0,1,1,1
0,1,0,0,0,1,1,0,1,0,1,1,1,1,1,1,1,0,0,0,0,0,1,1,1,0,0,1,0,0,0,0,1,1,0,0,0,0,1,0,0,0,0,0,0,0,1,0,0
0,1,0,1,0,1,1,1,0,0,0,1,0,0,0,1,0,0,1,1,0,0,0,1,1,0,1,1,0,1,0,0,1,1,1,0,1,0,0,0,0,0,0,0,0,0,0,1,0
0,1,1,0,0,0,1,0,1,1,0,0,0,1,0,1,1,1,0,1,0,1,1,0,0,0,0,1,1,0,0,0,0,1,0,1,1,1,0,0,0,0,0,0,0,0,0,1,1
0,1,1,0,0,1,1,1,0,1,1,1,0,1,1,1,0,1,0,1,1,0,1,0,1,0,1,0,1,1,0,0,0,0,1,0,0,1,0,0,0,0,0,0,0,0,0,0,1
0,1,1,1,1,1,1,1,1,0,0,0,0,0,1,1,0,0,1,0,0,0,1,0,1,0,1,1,1,0,0,1,0,0,0,1,1,1,0,0,0,0,0,0,0,0,0,1,1
0,1,1,1,0,1,0,0,0,1,1,0,0,0,1,0,1,1,1,0,1,0,0,0,1,0,1,1,1,0,0,0,0,0,1,0,1,0,0,0,0,0,0,0,0,0,0,1,0
0,1,1,1,1,1,1,0,0,1,1,0,1,1,1,0,1,1,0,0,1,0,0,0,1,1,0,0,0,1,1,1,0,0,1,1,0,0,1,0,0,0,0,0,0,0,0,0,0
1,0,0,0,0,0,0,1,0,0,1,0,0,1,0,0,1,0,1,1,0,0,0,1,1,0,1,1,0,0,0,1,0,1,1,0,1,0,1,0,0,0,0,0,0,0,0,1,0
0,1,0,0,0,1,0,1,0,1,1,0,1,0,0,0,1,0,1,0,0,0,1,1,0,1,1,0,0,0,0,1,1,0,1,0,0,0,1,0,0,0,0,0,0,0,1,0,0
0,0,1,1,1,1,1,1,1,0,0,0,0,1,1,0,1,0,0,1,1,0,1,1,0,0,0,1,0,1,0,0,1,1,0,1,0,0,0,0,0,0,0,0,0,0,0,0,0
0,1,1,1,0,0,1,0,0,0,1,1,0,0,1,1,1,0,0,0,0,1,1,1,0,1,0,1,1,1,1,0,0,1,0,0,0,0,1,0,0,0,0,0,0,0,1,0,0
0,1,0,0,0,1,0,0,0,1,1,0,1,1,0,1,1,1,1,0,1,0,0,0,0,1,0,1,0,1,0,0,1,1,0,1,1,1,1,0,0,0,0,0,0,0,0,1,1
0,1,0,0,1,0,0,1,0,0,0,0,1,1,1,0,0,1,1,1,0,1,1,1,0,1,0,0,1,1,1,0,0,1,1,1,0,1,0,0,0,0,0,0,0,0,0,0,1
1,0,0,0,0,0,0,0,1,0,0,1,0,0,0,0,1,1,0,0,1,1,1,1,0,0,1,1,0,1,0,0,1,1,1,1,0,1,0,0,0,0,0,0,0,0,0,0,1
0,1,0,0,0,1,1,0,0,1,1,0,0,0,0,0,1,1,1,1,0,1,1,1,0,1,0,0,1,1,1,1,1,0,1,1,0,0,1,0,0,0,0,0,0,0,1,0,0
0,1,1,0,0,1,1,0,0,1,0,1,1,0,1,0,1,1,0,1,1,0,0,0,0,0,1,0,1,1,1,0,0,1,0,0,0,0,1,0,0,0,0,0,0,0,0,0,0
0,1,1,0,0,1,1,0,0,0,0,1,0,1,1,1,1,1,0,1,1,1,1,1,1,0,0,0,0,0,0,0,0,0,1,0,1,1,0,0,0,0,0,0,0,0,0,1,1
0,1,0,1,1,1,0,1,0,0,1,0,1,1,1,1,1,1,0,1,1,0,1,1,0,0,0,0,1,1,1,0,0,1,1,0,0,1,1,0,0,0,0,0,0,0,1,0,1
0,1,1,1,1,0,0,1,0,0,0,0,0,1,1,1,1,0,0,1,0,0,1,1,0,0,0,1,1,1,1,0,1,1,0,0,1,0,0,0,0,0,0,0,0,0,0,1,0
0,1,0,0,1,0,0,1,0,1,0,0,1,1,0,0,0,0,1,0,1,1,1,1,0,1,0,0,1,1,1,0,0,1,0,0,0,0,1,0,0,0,0,0,0,0,1,0,0
0,1,0,0,1,1,1,1,0,1,1,1,1,1,1,0,0,0,1,0,0,1,1,1,0,0,0,1,0,0,1,0,1,0,0,0,1,0,1,0,0,0,0,0,0,0,1,1,0
0,1,1,0,1,1,0,1,1,0,0,0,1,0,0,1,1,0,1,0,1,0,1,0,1,0,0,1,0,1,1,1,0,1,1,1,0,1,1,0,0,0,0,0,0,0,1,0,1
0,1,1,0,0,0,0,1,1,1,0,0,0,1,1,0,1,1,0,1,0,1,0,0,1,0,1,1,0,1,0,0,0,0,1,1,1,0,1,0,0,0,0,0,0,0,0,1,0
0,1,0,0,0,1,1,1,1,0,1,1,0,0,1,0,1,0,1,1,0,0,1,1,0,1,1,0,1,1,0,0,1,1,0,0,0,0,1,0,0,0,0,0,0,0,1,0,0
0,1,0,0,0,1,0,1,1,0,1,1,1,0,0,1,0,1,0,0,1,1,0,0,1,1,0,1,0,0,0,0,1,0,0,0,0,1,0,0,0,0,0,0,0,0,0,0,1
0,1,1,0,1,0,1,0,0,0,1,1,1,0,1,0,0,1,0,0,1,0,0,0,1,0,1,0,1,1,0,1,1,1,0,1,1,0,0,0,0,0,0,0,0,0,0,1,0
0,1,0,0,0,0,1,0,1,1,1,0,0,1,0,0,1,0,1,0,1,1,1,1,0,0,1,1,1,1,0,1,0,0,1,1,0,0,1,0,0,0,0,0,0,0,1,0,0
0,1,1,0,1,0,0,1,1,1,1,0,1,0,1,1,1,1,0,1,0,1,0,0,0,1,0,0,1,1,0,0,0,1,0,0,1,0,0,0,0,0,0,0,0,0,0,1,0
0,1,1,1,0,1,1,0,0,0,1,1,0,1,0,1,1,0,0,0,0,1,1,1,1,0,0,1,0,1,0,0,0,1,1,1,1,1,1,0,0,0,0,0,0,0,1,1,1
0,1,1,0,0,0,0,1,1,0,0,0,0,1,0,0,0,0,0,1,1,1,0,0,0,1,1,0,0,1,0,1,1,0,1,0,0,0,1,0,0,0,0,0,0,0,0,0,0
0,1,0,1,0,0,0,0,0,1,1,1,0,0,1,1,1,1,1,1,0,0,0,0,0,0,0,1,1,1,1,0,1,0,1,0,0,0,0,0,0,0,0,0,0,0,0,0,0
0,1,0,1,1,0,1,1,0,1,0,1,0,1,0,0,0,1,1,1,0,1,1,0,0,1,0,0,1,0,1,0,1,1,1,0,0,1,0,0,0,0,0,0,0,0,0,0,1
0,1,0,1,0,0,1,0,1,0,0,0,1,0,0,1,0,1,0,0,1,1,1,0,0,1,1,1,0,0,0,0,1,0,0,1,1,1,0,0,0,0,0,0,0,0,0,1,1
0,1,0,1,0,0,0,1,0,0,1,1,1,0,1,1,0,0,0,1,0,0,0,0,0,1,1,0,0,1,0,1,0,1,1,0,0,0,1,0,0,0,0,0,0,0,0,0,0
0,1,1,1,1,1,1,1,1,0,0,1,0,1,0,1,1,0,1,0,0,0,0,1,1,0,1,1,0,1,1,1,0,1,0,1,0,0,0,0,0,0,0,0,0,0,0,0,0
0,1,0,0,0,1,1,0,1,0,1,1,0,0,1,0,1,0,1,0,1,0,0,1,0,1,1,0,0,0,1,1,1,0,0,1,1,0,1,0,0,0,0,0,0,0,1,1,0
0,1,1,0,0,0,0,1,0,1,0,1,0,1,1,0,1,1,1,0,1,1,1,0,1,0,1,1,0,1,1,0,0,0,1,1,0,1,0,0,0,0,0,0,0,0,0,0,1
0,0,1,1,1,1,0,1,0,1,1,1,1,0,0,0,1,0,0,1,0,1,0,1,1,1,1,0,0,0,1,0,0,0,1,1,0,1,1,0,0,0,0,0,0,0,1,0,1
0,1,0,0,1,1,1,1,1,1,1,1,1,0,1,0,1,1,0,0,0,0,1,1,0,1,1,1,1,0,1,0,0,1,1,1,0,0,1,0,0,0,0,0,0,0,1,0,0
0,0,1,1,1,1,0,0,1,0,0,0,0,0,0,0,0,0,0,1,1,1,1,0,0,0,1,1,0,0,0,0,1,1,1,0,0,0,0,0,0,0,0,0,0,0,0,0,0
0,1,1,1,1,0,0,1,0,0,1,0,0,1,0,1,0,1,0,0,1,1,0,1,0,1,1,1,0,0,0,0,1,1,1,1,1,0,0,0,0,0,0,0,0,0,0,1,0
0,0,1,1,1,1,1,1,1,0,0,0,0,1,0,1,0,1,0,1,0,0,1,0,0,0,0,1,0,0,0,0,0,1,0,0,1,1,0,0,0,0,0,0,0,0,0,1,1
0,1,0,0,0,1,1,0,0,0,1,1,0,1,0,0,0,1,1,0,0,1,1,0,1,1,1,1,1,0,1,1,0,1,1,1,1,0,0,0,0,0,0,0,0,0,0,1,0
0,1,1,0,0,0,1,0,0,0,1,1,0,1,1,1,1,0,0,0,1,0,1,0,0,0,0,1,1,1,1,0,1,1,0,1,0,1,1,0,0,0,0,0,0,0,1,0,1
0,1,1,1,0,0,1,0,0,1,1,1,1,1,1,1,1,0,1,1,1,0,0,0,0,1,1,0,0,1,0,0,0,1,1,0,0,1,0,0,0,0,0,0,0,0,0,0,1
0,1,1,0,0,0,1,1,1,0,1,0,0,0,0,1,1,0,0,0,0,1,1,0,1,0,1,0,0,1,1,1,0,1,0,1,1,1,1,0,0,0,0,0,0,0,1,1,1
0,1,0,1,0,1,1,1,1,0,0,1,1,0,0,0,0,1,1,1,0,0,1,1,0,0,1,1,1,1,0,0,1,0,1,0,0,1,1,0,0,0,0,0,0,0,1,0,1
0,1,0,0,1,1,0,1,0,0,1,0,0,1,1,1,0,0,1,0,0,0,0,0,0,0,1,1,1,1,1,0,0,0,0,0,1,0,1,0,0,0,0,0,0,0,0,1,0
0,1,0,1,1,1,0,1,0,0,0,1,1,1,1,1,1,0,0,1,0,0,0,1,0,0,0,1,1,1,0,1,1,0,0,0,0,1,0,0,0,0,0,0,0,0,0,0,1
0,1,1,0,1,1,0,1,0,1,1,1,1,1,0,1,1,0,1,0,1,1,1,0,0,0,1,0,0,1,0,1,0,0,0,0,0,0,0,0,0,0,0,0,0,0,0,0,0
0,1,1,0,0,1,0,0,0,0,1,1,0,0,1,1,0,0,0,1,0,0,0,0,0,1,0,1,0,0,1,1,0,0,1,1,1,1,0,0,0,0,0,0,0,0,0,1,1
0,1,0,1,1,0,1,0,1,1,0,1,1,0,0,0,1,0,1,1,0,1,1,1,1,0,0,1,1,1,0,1,1,0,1,0,1,1,1,0,0,0,0,0,0,0,1,1,1
0,1,1,1,0,1,0,0,0,1,1,0,1,0,1,1,1,0,0,1,0,0,1,0,0,0,0,0,0,0,1,1,0,0,0,1,1,1,0,0,0,0,0,0,0,0,0,1,1
0,1,0,1,0,0,0,0,0,0,1,1,0,1,0,1,1,1,0,0,0,1,0,1,1,0,1,0,1,1,0,1,1,1,1,1,0,0,1,0,0,0,0,0,0,0,1,0,0
0,1,0,0,0,1,0,0,1,1,1,0,0,1,0,1,1,0,1,1,0,1,1,0,0,1,1,1,1,1,1,1,0,1,0,1,1,1,1,0,0,0,0,0,0,0,1,1,1
0,1,1,1,0,1,0,0,1,1,1,1,1,0,1,0,1,0,0,1,0,1,1,1,1,1,1,1,0,1,0,0,0,0,0,0,1,1,1,0,0,0,0,0,0,0,1,1,1
0,1,0,1,1,1,0,1,1,1,0,0,0,0,1,0,1,1,1,1,1,1,0,0,0,1,1,0,1,1,0,0,0,1,1,0,0,0,1,0,0,0,0,0,0,0,0,0,0
0,1,0,1,0,1,1,0,0,0,0,1,1,1,1,1,0,0,0,1,1,0,0,0,1,1,0,0,1,1,0,0,0,0,0,0,1,0,1,0,0,0,0,0,0,0,0,1,0
0,1,0,1,0,1,0,1,0,1,0,0,0,0,0,0,1,0,1,1,0,0,1,0,0,1,1,1,0,0,0,0,1,0,1,1,1,0,1,0,0,0,0,0,0,0,1,1,0
0,1,1,1,1,0,0,1,0,1,0,1,1,0,0,0,1,0,1,1,1,1,0,1,0,1,0,0,1,1,0,0,1,0,1,0,0,1,1,0,0,0,0,0,0,0,0,0,1
0,1,1,1,0,0,0,1,0,1,1,0,1,0,0,0,1,0,1,1,0,1,1,0,1,1,1,1,0,1,0,0,0,1,0,0,1,0,0,0,0,0,0,0,0,0,0,1,0
0,1,1,1,0,0,0,1,0,1,1,0,0,1,0,0,1,0,0,0,0,1,1,0,0,0,0,1,0,0,1,0,0,0,0,1,0,1,0,0,0,0,0,0,0,0,0,0,1
0,0,1,1,1,1,1,0,1,1,1,1,1,1,0,0,1,1,1,0,1,0,1,1,0,1,0,0,0,1,1,1,0,1,0,1,0,0,0,0,0,0,0,0,0,0,0,0,0
0,1,0,0,1,1,1,0,1,0,1,1,0,0,0,1,1,1,0,1,0,1,0,0,0,1,1,0,1,0,1,1,1,0,0,1,1,1,0,0,0,0,0,0,0,0,0,1,1
0,1,1,1,1,1,1,1,0,0,1,1,1,1,0,1,1,1,0,0,0,0,1,0,1,1,1,0,1,1,0,0,0,1,0,1,0,0,1,0,0,0,0,0,0,0,1,0,0
0,1,0,1,1,1,1,0,1,1,0,1,0,1,0,0,0,1,1,0,0,1,1,1,0,1,0,1,1,0,0,1,1,0,0,0,1,1,1,0,0,0,0,0,0,0,1,1,1
0,1,1,1,0,1,0,1,0,0,0,0,1,0,1,0,1,0,1,0,1,0,0,0,1,0,1,0,1,1,0,0,1,0,0,0,0,0,0,0,0,0,0,0,0,0,0,0,0
0,1,0,1,1,1,1,0,0,1,1,1,0,1,1,1,1,0,0,0,1,1,1,1,0,1,1,0,0,1,1,0,1,1,0,1,0,1,0,0,0,0,0,0,0,0,0,0,1
0,1,0,0,1,1,0,0,1,1,1,0,1,0,1,1,0,1,0,1,1,1,0,0,1,1,1,0,1,1,0,0,0,0,0,1,0,0,0,0,0,0,0,0,0,0,0,0,0
0,1,0,0,1,1,0,1,0,1,0,0,1,1,1,0,0,0,0,0,1,0,1,1,1,1,0,0,0,0,0,1,0,0,1,1,1,0,0,0,0,0,0,0,0,0,0,1,0
0,1,1,0,1,0,0,1,1,1,0,1,0,0,1,1,0,0,1,0,1,1,1,1,1,0,1,1,1,1,1,0,0,0,0,0,1,1,0,0,0,0,0,0,0,0,0,1,1
0,0,1,1,1,1,0,1,1,1,1,0,1,1,0,1,0,1,0,1,0,0,0,1,0,1,0,0,0,1,0,0,1,0,1,1,0,0,1,0,0,0,0,0,0,0,1,0,0
0,1,1,0,0,0,0,1,0,0,1,1,0,0,1,1,1,0,1,1,1,0,1,0,0,1,1,1,1,1,0,1,0,1,0,0,1,1,0,0,0,0,0,0,0,0,0,1,1
0,1,1,0,1,1,1,0,0,0,0,0,0,1,0,0,1,1,0,0,0,1,0,0,1,1,0,0,0,0,1,0,0,1,1,0,1,0,1,0,0,0,0,0,0,0,0,1,0
0,1,0,1,1,0,0,1,0,0,1,0,0,1,1,1,1,1,1,1,1,1,0,0,1,1,0,0,1,1,1,0,1,0,1,0,1,1,1,0,0,0,0,0,0,0,0,1,1
0,1,0,0,0,0,1,0,0,0,0,0,0,1,0,0,1,0,1,0,0,0,1,0,1,1,1,0,0,0,0,1,1,0,1,0,1,0,0,0,0,0,0,0,0,0,0,1,0
0,1,1,1,0,1,1,1,1,1,0,1,0,1,0,0,0,1,0,1,0,0,1,0,0,1,1,1,0,0,1,0,0,1,1,0,0,0,1,0,0,0,0,0,0,0,1,0,0
1,0,0,0,0,0,0,0,0,1,0,0,1,1,0,1,0,0,0,0,0,1,1,1,0,0,0,1,1,0,1,0,0,1,0,0,1,0,0,0,0,0,0,0,0,0,0,1,0
1,0,0,0,0,0,0,1,1,0,1,0,0,1,0,1,0,0,1,1,0,1,1,1,0,1,1,1,0,1,0,0,1,1,1,1,1,0,1,0,0,0,0,0,0,0,1,1,0
0,1,1,0,0,0,1,0,0,1,0,1,0,0,0,0,0,0,1,1,0,1,0,1,1,1,0,1,0,1,0,0,0,0,1,0,0,0,0,0,0,0,0,0,0,0,0,0,0
0,1,1,1,1,0,0,1,1,0,0,1,1,0,0,0,0,0,0,1,0,1,0,0,0,0,1,0,0,1,0,1,1,0,1,0,0,0,0,0,0,0,0,0,0,0,0,0,0
0,1,1,0,1,1,1,1,1,1,1,0,0,1,1,1,1,1,1,1,1,1,0,0,0,0,1,1,1,1,0,1,0,0,1,1,1,1,0,0,0,0,0,0,0,0,0,1,1
0,1,1,1,1,0,0,1,1,1,0,1,0,0,0,1,1,0,1,1,1,1,1,1,0,0,0,0,0,1,1,0,1,0,0,0,0,0,0,0,0,0,0,0,0,0,0,0,0
0,0,1,1,1,1,0,0,0,0,0,0,1,0,1,1,0,0,0,0,0,1,0,1,1,1,0,1,0,0,1,0,1,0,1,0,1,1,1,0,0,0,0,0,0,0,1,1,1
0,1,0,0,0,1,1,0,0,1,1,0,1,1,0,1,1,0,0,0,0,0,1,0,1,1,0,0,1,1,1,1,0,1,0,0,0,0,0,0,0,0,0,0,0,0,0,0,0
0,1,0,1,1,0,1,0,1,1,1,0,1,1,0,0,1,0,1,1,0,0,0,1,1,0,1,1,0,0,0,1,1,1,0,0,1,0,0,0,0,0,0,0,0,0,0,1,0
0,1,1,1,0,1,1,1,1,1,0,0,0,0,0,1,1,1,0,0,0,1,0,1,0,0,1,0,0,1,1,0,0,0,0,1,0,0,1,0,0,0,0,0,0,0,0,0,0
0,1,0,0,1,1,1,1,1,0,0,0,1,1,1,0,0,1,0,1,0,1,0,0,0,1,1,0,0,1,1,1,0,0,1,1,0,1,0,0,0,0,0,0,0,0,0,0,1
0,1,1,1,1,1,1,0,0,1,0,1,1,0,1,1,0,0,0,1,0,1,1,0,0,0,1,1,1,0,0,1,1,0,1,0,0,1,0,0,0,0,0,0,0,0,0,0,1
0,1,1,0,1,1,1,1,1,1,1,0,0,0,0,0,0,1,1,0,1,0,0,1,1,1,1,0,0,1,0,1,0,1,1,0,1,0,1,0,0,0,0,0,0,0,1,1,0
0,0,1,1,1,1,1,0,1,1,1,1,1,0,1,1,0,0,1,0,1,1,1,1,1,1,0,1,0,0,0,1,1,1,1,0,1,1,0,0,0,0,0,0,0,0,0,1,1
0,1,1,0,0,0,1,1,1,0,0,0,1,0,1,1,0,1,0,1,0,0,0,0,0,1,0,1,1,1,1,0,1,1,1,0,0,1,0,0,0,0,0,0,0,0,0,0,1
0,1,0,0,0,0,0,1,0,1,1,0,1,1,1,0,1,0,0,0,1,0,1,1,0,1,0,1,0,1,1,1,1,1,1,0,0,0,0,0,0,0,0,0,0,0,0,0,0
0,1,0,1,1,1,1,0,1,1,0,0,0,0,1,1,1,0,1,0,0,0,1,1,1,1,0,1,0,0,0,0,1,0,1,1,1,1,1,0,0,0,0,0,0,0,1,1,1
0,1,0,1,0,1,1,1,0,0,0,1,1,1,1,1,1,1,0,1,1,1,0,0,1,1,0,0,1,1,0,0,1,0,0,1,1,1,1,0,0,0,0,0,0,0,0,1,1
0,1,0,0,1,0,1,0,1,0,0,1,1,0,0,0,1,1,1,0,1,0,1,1,0,0,0,1,1,1,0,0,1,0,0,0,1,0,0,0,0,0,0,0,0,0,0,1,0
0,1,0,1,1,0,1,1,0,1,0,0,0,1,0,0,1,0,0,1,1,1,1,0,1,1,0,0,1,0,1,0,1,1,1,0,0,0,1,0,0,0,0,0,0,0,1,0,0
0,1,1,0,1,0,0,1,1,1,0,0,0,1,1,1,0,0,1,0,0,1,0,0,1,1,1,1,1,1,0,1,0,1,1,1,1,0,1,0,0,0,0,0,0,0,0,1,0
0,1,0,1,0,1,1,1,0,1,0,1,1,0,1,1,0,1,0,1,1,1,1,1,1,0,1,1,1,1,1,1,0,0,0,1,1,0,1,0,0,0,0,0,0,0,1,1,0
0,1,1,1,0,0,0,1,0,0,0,0,1,1,0,0,1,1,1,0,0,1,1,1,1,0,1,0,0,1,1,0,1,0,0,1,0,1,0,0,0,0,0,0,0,0,0,0,1
0,1,0,0,1,0,0,1,1,0,1,1,1,1,0,1,1,1,1,1,1,0,1,1,1,0,1,0,1,1,0,0,0,0,0,0,0,0,0,0,0,0,0,0,0,0,0,0,0
0,1,0,0,1,0,1,0,0,1,0,1,0,1,0,0,1,1,1,1,1,1,1,1,0,0,1,1,1,1,1,0,1,0,0,1,0,1,1,0,0,0,0,0,0,0,1,0,1
0,1,0,1,0,1,0,0,0,0,1,0,1,1,0,1,0,1,0,1,0,0,1,0,1,1,0,1,0,1,0,1,1,0,1,1,1,0,1,0,0,0,0,0,0,0,1,1,0
0,1,1,0,0,0,0,0,1,0,1,0,1,1,1,0,1,0,0,1,1,0,0,0,1,0,0,0,1,1,0,1,1,0,1,1,0,1,1,0,0,0,0,0,0,0,0,0,1
0,1,0,0,1,1,1,0,0,1,1,1,1,1,0,0,0,1,0,0,0,1,0,0,1,1,1,1,0,1,1,1,1,1,0,0,0,1,1,0,0,0,0,0,0,0,0,0,1
0,1,0,1,0,0,1,1,0,1,1,1,1,0,0,1,1,1,0,0,1,1,1,1,1,0,1,0,0,1,1,1,0,1,0,1,1,1,0,0,0,0,0,0,0,0,0,1,1
0,1,1,0,0,1,1,0,0,0,0,1,0,0,1,1,0,1,1,0,0,1,1,1,0,0,0,1,0,1,1,1,0,1,1,0,1,1,0,0,0,0,0,0,0,0,0,1,1
0,1,1,1,1,0,1,1,1,0,1,0,0,1,1,1,0,0,1,0,0,0,0,1,1,1,1,1,1,1,0,1,0,1,0,0,0,0,0,0,0,0,0,0,0,0,0,0,0
0,1,0,1,0,0,1,0,0,1,1,1,0,1,1,1,0,0,0,1,1,1,1,0,0,0,1,0,0,0,0,0,0,0,0,0,0,0,1,0,0,0,0,0,0,0,1,0,0
0,1,1,1,1,0,1,1,0,0,1,1,1,1,1,0,0,1,0,0,0,1,1,0,0,1,1,1,0,0,0,1,0,0,0,0,0,0,1,0,0,0,0,0,0,0,1,0,0
0,1,0,1,1,0,1,1,0,0,1,1,0,1,1,0,1,1,0,0,1,0,1,0,0,1,0,0,0,1,1,0,1,1,0,1,0,0,0,0,0,0,0,0,0,0,0,0,0
0,1,0,0,0,1,1,0,1,0,0,0,1,1,0,1,0,0,1,0,1,0,1,0,1,0,1,0,1,0,0,0,0,0,1,1,0,1,1,0,0,0,0,0,0,0,1,0,1
0,1,1,0,1,1,1,1,1,1,1,0,0,0,1,1,0,0,1,0,1,1,0,1,1,1,1,1,1,1,1,1,1,1,0,1,0,1,0,0,0,0,0,0,0,0,0,0,1
0,1,1,1,1,1,1,0,0,0,0,1,1,0,0,0,1,0,1,0,1,1,0,0,1,0,0,1,1,0,0,0,1,0,1,0,0,1,1,0,0,0,0,0,0,0,0,0,1
0,1,1,0,0,1,1,1,1,1,0,1,1,0,0,0,0,0,1,1,1,0,0,0,1,0,0,1,0,1,1,0,1,0,1,1,1,1,1,0,0,0,0,0,0,0,0,1,1
0,1,1,0,0,1,0,0,0,1,0,0,1,0,1,1,1,1,1,1,1,1,0,0,0,1,1,0,1,0,0,0,0,0,0,0,0,1,0,0,0,0,0,0,0,0,0,0,1
0,0,1,1,1,1,1,1,0,1,0,1,0,1,1,0,0,1,0,1,1,0,1,0,1,0,0,1,1,1,0,1,0,1,0,1,1,1,1,0,0,0,0,0,0,0,1,1,1
0,1,0,1,0,1,0,1,0,0,0,0,0,1,0,0,0,1,0,1,0,0,0,1,1,1,0,0,0,0,1,1,1,0,0,0,1,1,0,0,0,0,0,0,0,0,0,1,1
0,1,1,1,1,0,0,0,0,1,0,0,0,1,0,1,1,1,0,1,0,1,1,1,0,1,0,0,1,0,0,1,1,0,0,1,0,1,0,0,0,0,0,0,0,0,0,0,1
0,1,1,1,1,1,0,0,1,1,1,0,0,1,0,0,1,1,1,1,0,0,1,0,0,1,0,1,0,1,0,0,0,1,0,1,0,0,1,0,0,0,0,0,0,0,1,0,0
0,1,1,1,1,1,1,1,0,0,1,1,1,0,1,0,1,0,1,0,1,0,0,0,1,1,1,1,1,1,0,1,0,1,0,0,0,0,0,0,0,0,0,0,0,0,0,0,0
0,1,0,0,1,1,0,1,0,0,0,1,1,1,1,0,0,1,1,0,0,0,0,1,0,1,1,1,1,1,0,1,1,1,1,0,1,1,0,0,0,0,0,0,0,0,0,1,1
0,1,1,0,1,0,1,0,0,1,0,0,1,0,0,0,1,1,1,0,1,1,0,0,1,0,0,1,1,1,1,0,1,0,0,0,0,0,0,0,0,0,0,0,0,0,0,0,0
0,1,1,0,1,0,0,1,1,0,0,0,1,1,1,1,1,1,1,0,0,0,0,1,0,0,1,1,1,0,1,1,0,1,0,0,1,1,1,0,0,0,0,0,0,0,0,1,1
0,1,0,0,0,0,0,1,1,1,1,1,0,1,0,1,0,1,1,0,1,1,1,1,1,1,1,0,0,0,1,1,1,1,1,0,1,0,0,0,0,0,0,0,0,0,0,1,0
0,1,0,0,1,0,1,1,0,1,1,1,0,1,1,0,0,0,0,0,0,0,0,1,0,1,0,0,1,1,0,0,0,1,0,0,0,1,1,0,0,0,0,0,0,0,1,0,1
0,1,0,1,0,1,1,0,1,0,1,1,0,1,0,1,0,0,1,1,0,1,1,1,0,1,1,1,1,1,0,0,1,1,1,0,0,0,0,0,0,0,0,0,0,0,0,0,0
0,1,0,0,1,1,0,1,0,1,1,1,1,0,0,0,1,1,0,0,1,0,1,1,0,0,1,0,1,0,1,0,1,1,1,0,0,1,0,0,0,0,0,0,0,0,0,0,1
0,1,0,0,1,1,0,1,1,1,1,1,1,1,1,0,1,1,0,1,1,0,0,1,0,0,1,0,0,0,1,1,0,1,0,0,1,0,0,0,0,0,0,0,0,0,0,1,0
0,1,1,0,1,0,1,1,0,0,1,0,1,0,0,0,0,0,1,0,1,0,0,1,1,0,0,0,1,1,0,1,0,1,1,1,0,1,0,0,0,0,0,0,0,0,0,0,1
0,1,1,1,0,0,0,1,0,0,0,1,0,1,1,0,1,0,1,0,0,1,1,1,1,1,1,0,0,1,0,0,1,0,1,0,1,0,1,0,0,0,0,0,0,0,1,1,0
0,1,0,1,1,1,0,0,1,0,1,1,0,0,1,0,1,0,0,0,0,1,0,0,1,0,1,0,1,1,1,1,0,0,0,1,0,0,1,0,0,0,0,0,0,0,0,0,0
1,0,0,0,0,0,0,1,0,1,1,0,0,1,0,0,0,0,1,1,0,0,1,1,0,1,1,1,0,1,0,0,1,0,1,1,1,0,0,0,0,0,0,0,0,0,0,1,0
0,0,1,1,1,0,1,0,1,0,0,0,0,1,1,0,0,0,0,1,1,0,1,0,0,0,1,1,1,0,0,1,0,1,1,0,1,1,1,0,0,0,0,0,0,0,1,1,1
0,1,0,1,0,1,1,0,0,0,0,0,1,0,0,1,1,0,0,1,1,1,0,0,0,1,1,1,1,0,1,0,1,1,1,1,1,1,0,0,0,0,0,0,0,0,0,1,1
1,0,0,0,0,0,1,0,1,1,0,1,1,1,1,1,1,0,1,1,1,0,1,1,1,1,0,0,1,0,1,1,1,0,0,1,1,0,0,0,0,0,0,0,0,0,0,1,0
0,1,0,0,0,0,1,1,1,0,1,1,0,1,0,1,0,0,0,0,0,1,1,1,1,1,0,1,1,1,0,0,0,0,0,0,0,0,0,0,0,0,0,0,0,0,0,0,0
0,1,1,1,1,1,1,1,0,0,0,0,0,1,1,1,1,1,0,0,1,0,0,0,0,0,1,0,1,1,1,0,1,0,1,0,1,0,1,0,0,0,0,0,0,0,0,1,0
0,1,0,1,0,0,0,0,1,1,1,0,0,0,0,1,0,0,0,0,1,0,1,0,1,1,0,1,1,0,1,1,0,0,1,0,1,1,1,0,0,0,0,0,0,0,1,1,1
0,1,1,0,0,1,0,0,1,0,1,1,1,1,1,0,0,1,1,1,0,1,0,0,0,1,1,0,1,1,1,1,0,0,0,1,0,0,1,0,0,0,0,0,0,0,0,0,0
0,1,0,0,0,1,1,0,1,0,0,0,0,1,0,1,1,1,0,0,0,0,1,1,0,0,1,1,1,0,1,0,1,0,1,1,1,0,0,0,0,0,0,0,0,0,0,1,0
0,1,0,1,1,1,1,0,0,0,0,0,1,1,0,0,0,1,0,1,1,0,1,1,0,0,0,0,1,0,0,1,1,1,1,1,1,1,1,0,0,0,0,0,0,0,1,1,1
0,1,0,0,0,0,0,0,1,0,0,1,1,1,0,1,0,0,0,1,1,0,1,1,1,1,0,0,0,1,0,1,1,1,1,1,0,0,0,0,0,0,0,0,0,0,0,0,0
0,1,0,1,0,1,0,1,0,1,0,0,0,0,0,1,0,1,1,0,1,1,0,0,0,1,1,0,1,0,0,0,0,0,1,0,0,1,1,0,0,0,0,0,0,0,0,0,1
0,1,1,1,0,1,0,1,1,0,0,0,0,1,1,0,0,1,1,0,1,1,1,0,1,0,0,0,0,0,0,0,1,1,0,0,0,1,0,0,0,0,0,0,0,0,0,0,1
0,1,0,1,1,0,1,1,0,0,0,0,0,1,0,0,0,0,1,1,0,0,0,0,1,1,1,1,1,1,1,0,1,1,0,0,0,1,1,0,0,0,0,0,0,0,0,0,1
0,1,1,1,1,0,0,1,0,0,1,0,1,1,1,0,1,1,0,1,0,1,0,0,0,1,1,1,0,1,1,0,1,0,0,1,1,1,1,0,0,0,0,0,0,0,0,1,1
0,1,0,0,1,0,0,1,0,1,1,1,0,1,1,1,1,1,0,0,0,1,0,1,0,1,0,0,1,0,1,1,1,0,0,1,0,0,1,0,0,0,0,0,0,0,1,0,0
0,1,0,0,1,0,1,1,1,1,1,1,1,1,1,1,1,0,0,1,1,0,1,1,1,0,1,0,0,1,0,0,1,0,0,1,1,1,0,0,0,0,0,0,0,0,0,1,1
0,1,0,1,1,1,1,0,0,1,1,0,1,1,1,1,0,0,0,1,1,1,1,1,0,1,0,1,0,1,0,0,0,1,0,1,0,0,0,0,0,0,0,0,0,0,0,0,0
0,1,1,1,0,1,1,1,1,1,0,0,0,0,0,1,1,1,1,0,0,0,0,1,1,1,0,0,0,0,1,0,0,1,0,0,1,0,1,0,0,0,0,0,0,0,0,1,0
0,1,0,1,1,0,1,1,1,0,0,1,1,1,1,0,1,1,0,1,1,1,0,1,1,0,0,0,1,1,0,1,1,0,0,0,0,1,1,0,0,0,0,0,0,0,1,0,1
0,1,0,1,0,0,0,1,1,0,0,0,0,0,0,1,0,0,0,1,0,1,0,0,1,0,1,1,0,1,0,0,0,1,1,0,1,1,1,0,0,0,0,0,0,0,0,1,1
0,1,0,0,0,0,0,0,0,0,0,1,1,0,1,1,0,0,0,0,1,1,0,0,1,0,0,1,1,1,1,0,0,1,0,1,1,1,1,0,0,0,0,0,0,0,0,1,1
0,1,1,1,0,0,0,0,1,1,1,0,1,1,1,1,0,1,1,0,1,1,0,1,1,0,1,1,0,0,1,1,1,1,1,0,0,0,1,0,0,0,0,0,0,0,0,0,0
0,1,1,1,0,0,0,0,1,1,0,1,0,1,0,1,0,0,1,0,0,0,1,1,0,0,1,0,0,1,0,1,0,1,1,0,1,1,0,0,0,0,0,0,0,0,0,1,1
0,0,1,1,1,1,1,0,0,0,1,0,0,0,0,0,1,0,0,0,0,1,1,1,1,1,1,0,0,1,1,1,1,1,1,1,0,0,0,0,0,0,0,0,0,0,0,0,0
0,1,0,1,1,1,0,0,1,1,0,0,1,0,1,1,1,1,1,1,1,1,1,1,1,1,0,1,0,0,0,0,1,1,1,1,0,0,1,0,0,0,0,0,0,0,1,0,0
0,1,1,0,1,0,0,1,0,0,1,0,0,1,1,0,0,0,0,0,0,1,0,0,0,0,1,1,0,0,0,1,0,0,0,1,1,0,0,0,0,0,0,0,0,0,0,1,0
0,1,0,0,0,1,1,1,1,0,1,1,0,0,0,0,0,0,0,1,1,0,1,0,0,0,1,1,1,1,0,0,1,0,1,0,1,1,0,0,0,0,0,0,0,0,0,1,1
0,1,1,1,0,0,1,1,1,0,0,0,0,0,1,1,0,0,1,0,0,0,1,1,1,1,1,0,0,0,1,1,0,0,1,0,1,0,1,0,0,0,0,0,0,0,1,1,0
0,1,0,1,1,0,0,0,0,1,0,0,0,1,1,0,1,0,0,0,1,0,1,0,1,1,0,1,0,0,1,0,0,1,1,0,1,0,0,0,0,0,0,0,0,0,0,1,0
0,1,0,1,1,1,1,0,1,1,1,1,0,1,1,0,1,1,1,0,0,0,0,1,1,0,0,1,1,0,1,1,0,0,0,0,1,0,1,0,0,0,0,0,0,0,1,1,0
0,1,1,0,0,1,1,0,1,1,1,0,1,1,0,0,1,1,0,1,1,0,1,1,0,1,1,1,0,0,1,0,0,0,0,0,1,1,1,0,0,0,0,0,0,0,1,1,1
0,1,0,1,1,1,0,1,0,1,0,0,0,0,1,0,1,0,0,0,0,1,0,0,1,1,1,1,0,1,1,0,1,1,1,0,1,1,1,0,0,0,0,0,0,0,0,1,1
0,1,0,1,1,0,0,0,1,1,1,1,0,1,1,0,0,0,0,1,1,1,0,1,0,1,1,1,1,1,1,0,0,0,0,1,0,0,0,0,0,0,0,0,0,0,0,0,0
0,1,0,0,0,0,1,1,1,0,0,0,1,1,0,0,1,1,1,1,1,1,1,0,0,0,1,1,1,1,1,0,1,0,1,0,0,0,1,0,0,0,0,0,0,0,1,0,0
0,1,1,0,0,0,0,0,1,1,1,0,1,1,1,1,1,1,0,0,0,1,1,1,0,1,1,1,1,0,0,0,0,1,0,0,1,1,0,0,0,0,0,0,0,0,0,1,1
0,1,1,0,0,1,1,0,0,0,1,0,1,1,1,0,0,0,1,1,0,0,1,0,0,1,1,0,0,1,0,0,1,1,0,1,1,1,1,0,0,0,0,0,0,0,1,1,1
0,1,1,1,0,0,1,1,0,0,0,0,0,1,1,0,0,0,1,1,0,0,0,1,1,0,1,0,0,1,1,0,1,0,0,1,1,0,1,0,0,0,0,0,0,0,0,1,0
0,1,0,1,0,1,0,0,0,1,0,1,1,1,0,1,0,0,1,0,1,1,1,1,0,0,1,0,1,0,1,0,0,1,1,0,1,0,0,0,0,0,0,0,0,0,0,1,0
0,1,0,1,1,1,0,0,1,0,0,1,0,0,0,0,1,1,1,1,0,1,1,0,0,1,1,1,0,1,1,0,0,1,1,0,0,1,0,0,0,0,0,0,0,0,0,0,1
0,1,0,0,1,0,1,0,0,1,1,0,1,0,1,0,0,0,1,0,1,1,0,0,1,1,1,0,0,0,1,0,0,0,0,0,1,0,1,0,0,0,0,0,0,0,0,1,0
0,1,0,1,1,1,1,1,1,1,1,1,0,0,0,1,1,1,1,0,1,0,1,1,0,1,0,1,0,1,0,1,0,1,1,0,1,0,0,0,0,0,0,0,0,0,0,1,0
0,1,0,1,1,1,1,1,0,0,0,0,0,1,1,1,1,0,0,0,0,0,0,1,0,1,1,0,0,0,0,0,1,0,0,1,0,1,0,0,0,0,0,0,0,0,0,0,1
0,1,1,0,1,1,1,0,0,0,1,0,1,1,1,0,0,1,1,1,1,0,1,1,1,0,0,0,0,1,1,1,0,0,0,1,0,0,0,0,0,0,0,0,0,0,0,0,0
0,1,1,0,1,1,1,1,1,0,1,1,1,0,0,0,0,0,0,0,0,0,1,1,0,1,0,0,1,1,0,0,0,1,0,1,0,1,1,0,0,0,0,0,0,0,1,0,1
0,1,1,0,0,0,1,0,0,0,0,0,0,1,1,1,1,1,0,1,0,0,0,1,1,0,0,0,1,1,0,1,0,1,1,0,1,1,1,0,0,0,0,0,0,0,1,1,1
0,1,1,0,1,0,0,1,0,0,1,1,1,1,1,0,0,1,1,1,1,1,0,1,1,1,0,1,0,1,0,1,0,0,0,0,0,0,0,0,0,0,0,0,0,0,0,0,0
0,1,0,0,1,0,1,0,0,1,1,0,0,0,0,1,1,0,0,0,1,0,1,0,1,0,1,1,1,1,1,0,0,0,1,0,0,1,0,0,0,0,0,0,0,0,0,0,1
0,1,1,0,1,0,1,0,1,1,1,0,1,0,1,0,1,0,1,0,1,0,1,0,1,1,0,0,0,1,1,0,0,0,0,1,0,1,1,0,0,0,0,0,0,0,1,0,1
0,0,1,1,1,1,1,1,0,0,1,0,1,1,0,1,0,1,0,0,0,0,0,1,0,0,1,1,0,0,1,1,1,1,1,0,1,1,0,0,0,0,0,0,0,0,0,1,1
0,1,0,0,0,1,0,0,1,1,1,0,0,0,0,0,0,0,0,1,1,1,1,1,1,1,1,1,1,1,0,0,0,1,1,0,1,1,1,0,0,0,0,0,0,0,1,1,1
0,1,1,0,0,0,0,1,1,0,1,0,0,0,0,0,0,0,0,0,1,1,0,0,1,1,1,1,0,1,0,0,0,1,0,1,0,0,1,0,0,0,0,0,0,0,0,0,0
0,1,1,1,1,1,1,1,1,1,0,1,1,1,0,1,1,1,1,0,0,0,1,0,0,0,1,1,1,0,1,0,1,0,1,1,1,1,0,0,0,0,0,0,0,0,0,1,1
0,1,1,0,0,1,1,0,0,0,0,0,1,0,0,0,1,1,0,1,0,1,1,1,0,1,1,0,1,1,0,0,1,1,0,0,0,0,0,0,0,0,0,0,0,0,0,0,0
0,1,0,1,0,1,1,0,1,0,0,1,0,1,1,1,1,0,1,1,1,1,0,1,1,0,0,0,1,0,1,0,0,0,1,0,1,1,1,0,0,0,0,0,0,0,1,1,1
0,1,1,0,1,0,1,0,1,1,1,1,0,1,1,0,1,0,0,1,0,0,0,1,1,1,0,0,0,0,1,1,0,1,1,0,0,0,1,0,0,0,0,0,0,0,1,0,0
0,1,1,1,0,0,1,1,0,1,1,1,0,1,1,1,0,0,0,1,0,0,0,1,1,1,1,1,1,0,1,1,1,0,0,0,1,0,1,0,0,0,0,0,0,0,1,1,0
0,1,0,0,0,0,0,1,0,1,0,0,0,1,0,1,1,0,0,0,0,0,0,0,0,0,1,1,1,1,0,0,1,0,0,0,1,0,1,0,0,0,0,0,0,0,0,1,0
0,1,0,1,0,1,1,0,1,1,0,0,1,0,0,1,1,0,0,0,0,1,1,1,0,1,1,0,0,1,0,1,1,0,1,0,0,0,1,0,0,0,0,0,0,0,1,0,0
0,1,0,0,0,0,1,0,1,1,1,1,1,1,1,0,1,1,0,0,0,1,1,1,1,0,1,1,1,0,1,0,0,1,0,0,0,1,1,0,0,0,0,0,0,0,1,0,1
1,0,0,0,0,0,1,0,1,0,0,1,1,0,1,1,0,0,1,0,1,0,1,1,0,1,1,0,1,0,1,1,0,1,1,0,0,1,0,0,0,0,0,0,0,0,0,0,1
0,1,1,1,1,1,1,0,1,1,1,0,0,0,1,1,0,1,0,0,0,0,1,1,1,1,0,0,1,0,1,0,0,0,1,1,0,0,0,0,0,0,0,0,0,0,0,0,0
0,1,0,0,0,1,1,1,0,1,1,0,0,1,0,1,1,0,0,1,0,1,1,0,0,1,0,1,1,1,0,1,1,1,0,1,0,0,1,0,0,0,0,0,0,0,1,0,0
0,1,0,1,0,0,1,0,1,1,0,1,1,0,0,0,0,0,0,0,1,0,1,0,0,1,0,1,1,0,0,0,1,0,1,1,1,0,0,0,0,0,0,0,0,0,0,1,0
0,1,1,0,0,0,0,1,1,1,0,0,1,0,1,1,0,1,0,0,1,1,0,1,0,0,0,1,1,1,0,0,1,1,1,1,1,0,1,0,0,0,0,0,0,0,0,1,0
0,1,1,0,1,1,1,0,1,0,1,0,0,0,1,1,1,1,0,1,1,0,1,1,0,1,1,0,1,0,1,1,1,1,0,0,1,1,1,0,0,0,0,0,0,0,1,1,1
0,1,1,1,1,0,1,0,1,1,0,1,0,0,0,1,1,1,0,1,1,1,1,0,1,0,0,0,0,1,0,0,1,1,0,1,0,0,1,0,0,0,0,0,0,0,1,0,0
0,1,1,1,0,1,0,0,1,1,1,1,1,0,1,0,1,1,1,0,0,1,1,0,1,0,1,0,0,0,0,1,1,0,1,0,1,0,0,0,0,0,0,0,0,0,0,1,0
0,0,1,1,1,1,1,0,0,1,0,1,1,0,0,1,0,0,0,1,0,1,0,0,1,0,1,0,1,1,1,0,1,0,1,0,0,0,0,0,0,0,0,0,0,0,0,0,0
0,1,0,1,0,1,1,0,1,0,1,1,0,0,0,0,0,0,0,0,0,1,0,1,0,0,0,1,1,1,0,0,1,0,1,1,0,1,0,0,0,0,0,0,0,0,0,0,1
1,0,0,0,0,0,0,0,1,0,1,1,1,1,1,0,1,1,1,0,0,0,0,1,1,1,0,0,0,1,1,0,0,0,1,0,0,0,1,0,0,0,0,0,0,0,0,0,0
0,1,1,0,0,0,1,1,0,1,1,0,1,0,1,1,0,0,0,1,1,0,0,1,0,1,1,1,1,0,0,0,1,1,0,1,0,1,1,0,0,0,0,0,0,0,0,0,1
0,1,0,1,0,1,0,1,0,1,0,0,1,0,1,1,1,1,0,1,0,0,0,1,0,0,1,0,1,0,0,0,0,1,1,1,1,1,1,0,0,0,0,0,0,0,0,1,1
0,1,0,0,1,1,0,1,0,0,1,1,0,0,0,0,1,1,0,0,0,0,1,1,1,1,0,1,1,1,1,1,1,1,1,0,1,0,0,0,0,0,0,0,0,0,0,1,0
0,1,1,1,1,0,1,0,1,0,1,0,0,1,0,0,0,1,0,1,0,0,1,1,1,1,0,1,1,0,0,1,1,0,1,0,1,1,1,0,0,0,0,0,0,0,1,1,1
0,1,1,0,0,0,1,0,0,0,1,1,0,0,1,0,0,1,0,1,1,1,1,0,1,1,1,0,0,1,0,1,1,0,1,1,1,0,0,0,0,0,0,0,0,0,0,1,0
0,1,0,0,0,1,1,1,1,1,1,1,0,0,1,0,0,0,0,1,0,0,0,1,0,1,1,0,1,1,0,0,1,1,0,0,1,0,1,0,0,0,0,0,0,0,1,1,0
0,1,1,1,0,1,0,1,1,0,1,0,1,1,1,1,1,1,1,1,0,0,1,1,0,0,1,1,0,1,0,0,0,0,0,0,1,0,0,0,0,0,0,0,0,0,0,1,0
0,1,0,0,0,0,0,1,1,0,1,0,1,1,1,1,0,0,0,1,1,1,0,0,1,1,1,0,0,1,1,1,0,1,0,0,0,0,1,0,0,0,0,0,0,0,0,0,0
1,0,0,0,0,0,0,0,0,1,1,0,0,1,0,1,0,0,1,0,0,0,1,1,1,1,0,0,0,0,1,0,0,1,1,1,1,0,1,0,0,0,0,0,0,0,1,1,0
0,1,0,0,0,0,0,0,1,1,0,1,1,1,1,0,0,1,0,1,1,0,0,0,1,1,1,1,1,1,1,0,1,0,1,0,0,0,1,0,0,0,0,0,0,0,0,0,0
0,1,1,0,1,1,0,0,0,0,1,0,0,1,0,0,1,1,1,1,0,1,0,1,1,1,1,0,0,1,0,0,0,1,0,0,0,1,0,0,0,0,0,0,0,0,0,0,1
0,1,1,1,1,0,0,1,0,1,1,0,1,1,1,0,0,0,0,1,1,1,0,1,0,0,0,0,0,0,0,1,0,1,1,1,1,1,0,0,0,0,0,0,0,0,0,1,1
0,1,0,1,0,0,1,0,0,0,0,0,0,1,0,1,0,0,1,0,0,1,1,0,1,1,0,1,0,1,1,1,1,1,1,1,0,0,0,0,0,0,0,0,0,0,0,0,0
0,1,1,1,1,0,0,0,0,1,1,1,0,1,0,1,0,1,1,0,1,1,0,0,0,0,0,1,0,1,1,1,1,0,1,1,0,1,1,0,0,0,0,0,0,0,0,0,1
0,1,1,0,1,1,1,0,0,0,0,0,1,0,0,0,1,0,0,1,0,0,0,1,1,0,0,0,0,0,0,1,1,1,0,1,1,0,1,0,0,0,0,0,0,0,0,1,0
0,1,1,1,1,1,0,1,1,0,0,1,1,1,1,1,1,1,1,1,1,0,0,1,1,0,0,0,1,1,0,0,0,1,1,0,0,1,1,0,0,0,0,0,0,0,0,0,1
0,1,1,0,0,0,1,0,0,1,0,0,0,0,0,1,0,1,1,1,0,1,0,1,0,1,0,0,0,1,1,1,0,1,0,0,0,0,0,0,0,0,0,0,0,0,0,0,0
0,1,1,0,1,1,0,1,1,1,0,0,1,1,0,0,0,0,1,1,0,0,0,0,1,1,0,1,0,1,0,0,1,0,1,0,1,1,0,0,0,0,0,0,0,0,0,1,1
0,1,0,1,0,0,1,0,0,1,1,1,1,1,0,0,0,0,0,1,1,1,1,0,0,1,1,0,1,1,1,0,1,1,0,0,1,1,0,0,0,0,0,0,0,0,0,1,1
0,1,0,0,0,0,0,1,1,1,0,0,1,0,1,0,1,0,1,0,0,0,1,0,0,0,1,0,1,1,0,0,0,0,1,0,0,0,0,0,0,0,0,0,0,0,0,0,0
0,1,1,1,1,0,0,0,0,1,0,1,0,1,1,1,0,0,0,0,1,1,0,1,0,1,0,0,0,0,1,1,0,1,0,0,0,1,0,0,0,0,0,0,0,0,0,0,1
0,1,1,0,0,0,1,1,0,1,1,0,0,1,1,1,0,1,0,0,0,1,0,1,1,0,0,1,0,0,1,0,0,1,0,1,1,0,0,0,0,0,0,0,0,0,0,1,0
0,0,1,1,1,1,0,0,0,1,0,1,1,0,0,1,0,1,1,1,0,0,1,1,0,0,0,0,1,1,0,1,0,0,1,1,0,0,0,0,0,0,0,0,0,0,0,0,0
0,1,1,0,1,0,0,1,1,0,1,1,0,0,1,1,0,1,1,1,1,0,0,1,1,0,0,1,0,1,1,0,1,1,1,1,1,0,1,0,0,0,0,0,0,0,0,1,0
0,1,0,1,0,0,0,1,0,1,0,0,1,0,0,1,1,0,0,1,1,1,1,0,1,1,1,0,0,0,0,0,1,1,1,0,0,0,0,0,0,0,0,0,0,0,0,0,0
0,1,0,1,1,1,1,1,0,1,0,0,1,0,1,1,1,0,0,1,0,0,0,1,0,0,0,0,0,0,0,1,1,1,0,0,1,1,0,0,0,0,0,0,0,0,0,1,1
0,0,1,1,1,1,0,1,0,0,0,1,0,0,1,0,0,0,1,0,1,0,0,0,1,0,0,1,1,0,1,1,1,0,1,1,1,0,1,0,0,0,0,0,0,0,0,1,0
0,1,0,1,1,0,1,1,1,1,1,0,0,0,1,0,1,0,1,0,0,1,0,1,1,0,1,0,1,0,0,0,0,0,1,1,0,0,1,0,0,0,0,0,0,0,1,0,0
0,1,0,1,0,0,1,0,1,0,1,0,1,0,1,1,0,0,1,1,0,0,1,0,0,1,1,1,1,1,0,1,1,1,1,1,0,0,1,0,0,0,0,0,0,0,1,0,0
0,1,0,1,0,0,0,1,0,0,0,1,0,0,1,0,0,1,1,1,1,1,1,0,1,1,1,0,0,0,0,1,1,1,1,1,1,0,1,0,0,0,0,0,0,0,1,1,0
0,1,1,1,0,1,1,1,0,1,0,0,1,0,0,1,1,0,0,0,1,0,1,1,1,0,1,1,0,0,0,1,1,1,0,0,0,0,0,0,0,0,0,0,0,0,0,0,0
0,1,1,1,1,1,0,1,0,1,1,0,1,0,1,1,0,1,0,0,0,1,1,1,1,1,0,1,0,0,1,1,0,1,0,0,0,0,1,0,0,0,0,0,0,0,1,0,0
0,1,0,1,0,1,0,1,1,1,1,0,0,0,0,1,1,0,0,1,0,0,1,0,1,1,0,1,1,1,0,1,1,0,0,1,1,1,1,0,0,0,0,0,0,0,1,1,1
0,1,1,1,0,0,1,0,1,1,0,0,1,1,1,1,1,0,0,1,1,0,0,1,1,0,0,0,1,1,0,1,1,0,1,1,1,1,1,0,0,0,0,0,0,0,0,1,1
0,0,1,1,1,1,0,0,1,0,0,0,0,0,1,1,1,1,0,0,0,1,1,1,0,0,1,0,1,1,0,1,0,0,0,0,1,0,1,0,0,0,0,0,0,0,1,1,0
0,1,1,1,1,1,0,0,1,1,0,0,0,0,0,0,1,1,0,1,0,0,1,0,0,0,0,1,0,0,1,0,1,0,0,1,1,1,0,0,0,0,0,0,0,0,0,1,1
0,1,0,1,1,1,0,0,1,0,1,0,1,0,1,1,0,1,1,1,0,0,1,1,0,0,0,1,0,1,1,0,0,0,1,1,1,1,0,0,0,0,0,0,0,0,0,1,1
0,1,1,1,1,0,1,1,1,0,1,1,0,0,1,0,1,0,0,0,0,0,0,1,0,0,0,1,0,1,0,0,1,0,0,0,0,0,1,0,0,0,0,0,0,0,0,0,0
0,1,1,0,0,1,1,0,1,1,1,1,1,1,1,1,1,0,0,1,1,0,1,0,1,1,0,0,1,1,1,1,1,1,0,0,0,0,0,0,0,0,0,0,0,0,0,0,0
0,1,0,0,1,0,1,1,1,1,1,0,0,1,0,0,0,0,0,1,0,1,1,0,0,1,0,1,1,1,1,1,1,0,1,1,1,1,1,0,0,0,0,0,0,0,1,1,1
